Asiento Nş;;Origen;Fecha;Leyenda;Debe = Haber
1);30362;Automático;01/01/2026;Asiento de Inicio;1.400.372.520,00
2);29840;Compras;01/01/2026;s/F A  Nş -00002341 - CESAR AUGUSTO ARCARO MALITO;960.755,37
3);29841;Compras;01/01/2026;s/F A  Nş -00002342 - CESAR AUGUSTO ARCARO MALITO;484.000,00
4);29842;Compras;01/01/2026;s/F A  Nş -00002343 - CESAR AUGUSTO ARCARO MALITO;1.158.559,86
5);29843;Compras;01/01/2026;s/F A  Nş -00002344 - CESAR AUGUSTO ARCARO MALITO;2.490.271,85
6);29844;Compras;01/01/2026;s/F C  Nş -00001173 - LUCIANO ORSI;502.125,00
7);29845;Compras;01/01/2026;s/F C  Nş -00001174 - LUCIANO ORSI;595.432,00
8);29846;Compras;01/01/2026;s/F C  Nş -00001175 - LUCIANO ORSI;916.933,00
9);29847;Compras;01/01/2026;s/F C  Nş -00001176 - LUCIANO ORSI;502.123,00
10);30600;Manual;01/01/2026;Reversion Prevision P/Despidos;51.834.931,35
11);29579;Ventas;02/01/2026;s/F A  Nş 00003-00000498 - GEA S.A.;1.396.662,31
12);29580;Ventas;02/01/2026;s/F B  Nş 00003-00001018 - OBRA SOCIAL DEL PERSONAL MUNICIPAL DE;423.500,00
13);29581;Ventas;02/01/2026;s/F B  Nş 00003-00001011 - OS PRENSA ROSARIO;954.837,97
14);29582;Ventas;02/01/2026;s/F B  Nş 00003-00001012 - OS PRENSA ROSARIO;1.066.468,29
15);29583;Ventas;02/01/2026;s/F B  Nş 00003-00001013 - O.S. DEL PER. DEL JOCKEY CLUB DE ROSAR;2.434.455,35
16);29584;Ventas;02/01/2026;s/F B  Nş 00003-00001014 - O.S. DEL PER. DEL JOCKEY CLUB DE ROSAR;855.879,72
17);29585;Ventas;02/01/2026;s/F B  Nş 00003-00001015 - OSPERYH;2.633.112,81
18);29586;Ventas;02/01/2026;s/F B  Nş 00003-00001016 - OSPERYHRA;554.339,54
19);29587;Ventas;02/01/2026;s/F B  Nş 00003-00001017 - FATERYH;10.532.451,23
20);29588;Ventas;02/01/2026;s/F B  Nş 00003-00001019 - OBRA SOCIAL DEL PERSONAL MUNICIPAL DE;5.445.000,00
21);29589;Ventas;02/01/2026;s/F B  Nş 00003-00001020 - SUTERH;2.217.358,15
22);29590;Ventas;02/01/2026;s/NC B  Nş 00003-00000052 - OBRA SOCIAL DEL PERSONAL MUNICIPAL DE;423.500,00
23);29591;Ventas;02/01/2026;s/F B  Nş 00003-00001021 - OBRA SOCIAL DEL PERSONAL MUNICIPAL DE;423.500,00
24);29592;Ventas;02/01/2026;s/F B  Nş 00003-00001022 - OSPERYH;33.637.618,79
25);29593;Ventas;02/01/2026;s/F B  Nş 00003-00001023 - OSPERYHRA;2.420.000,00
26);29594;Ventas;02/01/2026;s/F A  Nş 00003-00000499 - ASSISTENCIAL SALUD S.A.;373.164,00
27);29595;Ventas;02/01/2026;s/F A  Nş 00003-00000500 - MEDICAL SERVICIOS DE SALUD SRL;4.386.986,20
28);29596;Ventas;02/01/2026;s/F B  Nş 00003-00001024 - OSPILM;944.030,37
29);29597;Ventas;02/01/2026;s/F A  Nş 00003-00000501 - ASSISTENCIAL SALUD S.A.;3.610.614,66
30);29598;Ventas;02/01/2026;s/F A  Nş 00003-00000502 - MEDICAL SERVICIOS DE SALUD SRL;2.117.652,00
31);29599;Ventas;02/01/2026;s/F B  Nş 00003-00001025 - OSPILM;6.426.850,36
32);29600;Ventas;02/01/2026;s/NC B  Nş 00003-00000053 - OSPILM;944.030,37
33);29601;Ventas;02/01/2026;s/NC A  Nş 00003-00000030 - MEDICAL SERVICIOS DE SALUD SRL;4.386.986,20
34);29602;Ventas;02/01/2026;s/F B  Nş 00003-00001026 - OSPILM;5.529.262,95
35);29848;Compras;02/01/2026;s/F A  Nş -00001633 - SACCOL EMILIANO;548.704,75
36);29879;Compras;02/01/2026;s/F A  Nş -00004455 - ARQUETIPONET S.R.L.;272.536,05
37);29880;Compras;02/01/2026;s/F A  Nş -00006038 - WNS & ASOCIADOS S.R.L.;2.256.287,00
38);29881;Compras;02/01/2026;s/F A  Nş -00003577 - FUNDACION CONSENSO;242.582,01
39);29882;Compras;02/01/2026;s/F A  Nş -00025183 - MINDER S A;54.740,32
40);29883;Compras;02/01/2026;s/F C  Nş -00000200 - RODRIGUEZ PILAR;1.783.100,00
41);29969;Manual;02/01/2026;Pago Autonomos Socio Gerente;122.460,30
42);29973;Manual;02/01/2026;Transfrencia entre cuentas;30.000,00
43);29981;Manual;02/01/2026;Transfrencia entre cuentas;60.000,00
44);29984;Manual;02/01/2026;Transfrencia entre cuentas;2.850.000,00
45);30071;Compras;02/01/2026;s/OC  Nş -00215625 - BANCO DE LA CIUDAD DE BUENOS AIRES;207.860,80
46);30074;Compras;02/01/2026;s/OC  Nş -04001678 - BANCO DE LA CIUDAD DE BUENOS AIRES;871.363,14
47);30075;Compras;02/01/2026;s/OC  Nş -04001809 - BANCO DE LA CIUDAD DE BUENOS AIRES;759.530,44
48);30076;Compras;02/01/2026;s/OC  Nş -04001923 - BANCO DE LA CIUDAD DE BUENOS AIRES;1.060.402,12
49);30078;Compras;02/01/2026;s/OC  Nş -13318108 - BANCO BBVA ARGENTINA;2.204.746,29
50);30079;Compras;02/01/2026;s/OC  Nş -13318109 - BANCO BBVA ARGENTINA;2.306.126,15
51);30080;Compras;02/01/2026;s/OC  Nş -13318110 - BANCO BBVA ARGENTINA;2.263.455,25
52);30081;Compras;02/01/2026;s/OC  Nş -13318111 - BANCO BBVA ARGENTINA;2.126.600,30
53);30149;Manual;02/01/2026;S/Retiros de Socios;4.000.000,00
54);30378;Manual;02/01/2026;Pago Cuota Nro 11 - Prestamo;714.299,40
55);30517;Pagos;02/01/2026;s/ O.Pago Nş6216 - BANCO BBVA ARGENTINA;2.126.600,30
56);30578;Pagos;02/01/2026;s/ O.Pago Nş6258 - BANCO BBVA ARGENTINA;6.774.327,69
57);30579;Manual;02/01/2026;Reversion Gastos Bancarios;6.774.327,69
58);30580;Pagos;02/01/2026;s/ O.Pago Nş6260 - BANCO SANTANDER RIO SA;2.266.221,72
59);30581;Pagos;02/01/2026;s/ O.Pago Nş6259 - BANCO DE LA CIUDAD DE BUENOS AIRES;2.899.156,50
60);30582;Manual;02/01/2026;Reversion Gastos Bancarios;2.899.156,50
61);30584;Manual;02/01/2026;Sueldos a pagar;8.606.340,55
62);29884;Compras;04/01/2026;s/F A  Nş -00000470 - DAURAT MERCEDES MARIA;6.050.000,00
63);29992;Manual;05/01/2026;Pago Tarjeta de Credito;4.215.930,00
64);30021;Compras;05/01/2026;s/OC  Nş -72110420 - BANCO SANTANDER RIO SA;169.575,96
65);30031;Pagos;05/01/2026;s/ O.Pago Nş6147 - BANCO SANTANDER RIO SA;169.575,96
66);30040;Manual;05/01/2026;Pago Prestamo 0197-039100721104;782.759,14
67);30595;Manual;05/01/2026;Tarjeta de Credito Visa;3.418.012,23
68);30603;Manual;05/01/2026;Retenciones Ganancias;66.894,63
69);29885;Compras;06/01/2026;s/F C  Nş -00000120 - MERCEDES FRATTINI;1.500.000,00
70);29886;Compras;06/01/2026;s/F C  Nş -00000121 - MERCEDES FRATTINI;882.000,00
71);30018;Manual;06/01/2026;Pago Plan de Pago Sindicato;832.000,00
72);30033;Pagos;06/01/2026;s/ O.Pago Nş6148 - BANCO SANTANDER RIO SA;1.213.596,78
73);30041;Manual;06/01/2026;Pago Prestamo 0197-039100897649;613.888,89
74);30139;Manual;06/01/2026;Retiro Efectivo Cheque 1006 y 1007;2.650.000,00
75);29796;Cobros;07/01/2026;s/ Rec. Nş2093 - OS PRENSA ROSARIO;2.021.306,26
76);29960;Manual;07/01/2026;Pago de Haberes;8.587.362,00
77);29797;Cobros;08/01/2026;s/ Rec. Nş2097 - OSPERYHRA;554.339,54
78);29728;Pagos;09/01/2026;s/ O.Pago Nş6093 - TELEFONICA MOVILES ARGENT;160.671,83
79);29730;Pagos;09/01/2026;s/ O.Pago Nş6095 - CESAR AUGUSTO ARCARO MALITO;4.606.646,78
80);29798;Cobros;09/01/2026;s/ Rec. Nş2095 - O.S. DEL PER. DEL JOCKEY CLUB DE ROSARIO;3.290.335,07
81);29887;Compras;09/01/2026;s/F A  Nş -00001640 - SACCOL EMILIANO;181.500,00
82);30000;Manual;09/01/2026;Pago Obra Social-SCVO 2025-11;2.573.008,62
83);30032;Pagos;09/01/2026;s/ O.Pago Nş6149 - BANCO SANTANDER RIO SA;268.620,03
84);30042;Manual;09/01/2026;Pago Prestamo 0197-039100866063;909.401,19
85);30062;Manual;09/01/2026;Gasto Personal OSDE;1.391.614,39
86);30481;Pagos;09/01/2026;s/ O.Pago Nş6094 - LUCIANO ORSI;2.516.613,00
87);30495;Pagos;09/01/2026;s/ O.Pago Nş6246 - SCHNEIDER ALAN NICOLAS;53.006,88
88);30496;Pagos;09/01/2026;s/ O.Pago Nş6247 - OSDE ORGANIZACION DE SERVICIOS DIRECTOS;12.639,35
89);30507;Pagos;09/01/2026;s/ O.Pago Nş6251 - ENCODE S.A.;87.120,00
90);29888;Compras;12/01/2026;s/F C  Nş -00000137 - MORABITO FEDERICO JAVIER;216.500,00
91);29961;Manual;12/01/2026;Beneficio Soledad Pascale;204.378,66
92);29965;Manual;12/01/2026;Gastos de Prepaga Swiss 2026/01;97.343,07
93);29971;Manual;12/01/2026;Aporte Lucas Eiros;7.200.000,00
94);30002;Manual;12/01/2026;V066516 - Cuota 2.071.918,23 (Pago Cuota 1);2.294.131,46
95);30003;Manual;12/01/2026;V113915 - Cuota 3.733.998,24 (Pago Cuota 1);4.031.784,60
96);29731;Pagos;13/01/2026;s/ O.Pago Nş6085 - CANDIA DOMINGUEZ LUCIA BELEN;295.480,00
97);29799;Cobros;13/01/2026;s/ Rec. Nş2096 - ASSISTENCIAL SALUD S.A.;3.354.439,34
98);29889;Compras;13/01/2026;s/F C  Nş -00000028 - ANDREACCHIO RODOLFO;900.000,00
99);30494;Pagos;13/01/2026;s/ O.Pago Nş6245 - DINAMICA COMERCIAL  SRL;16.000,00
100);29977;Manual;14/01/2026;Transfrencia entre cuentas;30.000,00
101);30034;Pagos;14/01/2026;s/ O.Pago Nş6150 - BANCO SANTANDER RIO SA;434.457,58
102);30043;Manual;14/01/2026;Pago Prestamo 0197-039100828171;663.255,06
103);29800;Cobros;15/01/2026;s/ Rec. Nş2098 - MEDICAL SERVICIOS DE SALUD SRL;2.048.929,20
104);29890;Compras;15/01/2026;s/F C  Nş -00000124 - MERCEDES FRATTINI;1.047.986,80
105);29606;Ventas;16/01/2026;s/F A  Nş 00003-00000503 - OSLERA;151.948,25
106);29607;Ventas;16/01/2026;s/F A  Nş 00003-00000504 - APDIS;2.239.132,43
107);29608;Ventas;16/01/2026;s/F B  Nş 00003-00001027 - OSPERYHRA;8.819.313,80
108);29609;Ventas;16/01/2026;s/F B  Nş 00003-00001028 - OSPERYH;44.774.225,77
109);29801;Cobros;16/01/2026;s/ Rec. Nş2099 - OBRA SOCIAL DEL PERSONAL MUNICIPAL DE AVELLANEDA;5.868.500,00
110);29962;Manual;16/01/2026;Beneficio Soledad Pascale;119.242,36
111);29974;Manual;16/01/2026;Transfrencia entre cuentas;3.250.000,00
112);29996;Manual;16/01/2026;Pago Convenio Dic.2025;67.647,67
113);30007;Manual;16/01/2026;V293237 - Pago Cuota 2;1.808.495,28
114);30010;Manual;16/01/2026;V114140 PAgo Cuota 4;450.049,77
115);30011;Manual;16/01/2026;V293428 - Pago Cuota 2;216.835,52
116);30073;Compras;16/01/2026;s/OC  Nş -00220301 - BANCO DE LA CIUDAD DE BUENOS AIRES;680.223,61
117);30171;Manual;16/01/2026;Pago de Deuda Sindical Inacap;279.804,98
118);30428;Manual;16/01/2026;Pago Prestamo Cuota 18;2.416.348,15
119);30437;Pagos;16/01/2026;s/ O.Pago Nş6232 - BANCO DE LA CIUDAD DE BUENOS AIRES;680.223,61
120);30490;Pagos;16/01/2026;s/ O.Pago Nş6242 - CAMARA DE EMPRESAS DE SOFTWARE Y SERVICIOS INF;60.000,00
121);29732;Pagos;19/01/2026;s/ O.Pago Nş6075 - NUBI S.A.;130.487,30
122);29733;Pagos;19/01/2026;s/ O.Pago Nş6076 - SACCOL EMILIANO;191.785,00
123);29802;Cobros;19/01/2026;s/ Rec. Nş2100 - OSPERYH;40.861.416,16
124);29891;Compras;19/01/2026;s/F A  Nş -00001642 - SACCOL EMILIANO;191.785,00
125);29892;Compras;19/01/2026;s/F C  Nş -00000669 - ALLER ROCIO BELEN;35.000,00
126);29959;Manual;19/01/2026;Pago de Haberes;8.183.911,00
127);29982;Manual;19/01/2026;Transfrencia entre cuentas;1.626.000,00
128);29987;Manual;19/01/2026;Transfrencia entre cuentas;50.000,00
129);29995;Manual;19/01/2026;Por Beneficios al personal;177.039,85
130);30077;Compras;19/01/2026;s/OC  Nş -04002057 - BANCO DE LA CIUDAD DE BUENOS AIRES;74.473,31
131);30433;Pagos;19/01/2026;s/ O.Pago Nş6228 - BANCO DE LA CIUDAD DE BUENOS AIRES;74.473,31
132);29734;Pagos;20/01/2026;s/ O.Pago Nş6078 - DANIELA ALEJANDRA VAZQUEZ;1.500.000,00
133);29735;Pagos;20/01/2026;s/ O.Pago Nş6079 - ANDREACCHIO RODOLFO;900.000,00
134);29737;Pagos;20/01/2026;s/ O.Pago Nş6082 - RODRIGUEZ PILAR;1.783.000,00
135);29738;Pagos;20/01/2026;s/ O.Pago Nş6084 - WNS & ASOCIADOS S.R.L.;2.076.239,00
136);29739;Pagos;20/01/2026;s/ O.Pago Nş6097 - MARIA SOLEDAD PASCALE;2.500.000,00
137);29740;Pagos;20/01/2026;s/ O.Pago Nş6099 - FABIOLA LANDIN;726.000,00
138);29741;Pagos;20/01/2026;s/ O.Pago Nş6101 - CESAR AUGUSTO ARCARO MALITO;1.316.250,00
139);29742;Pagos;20/01/2026;s/ O.Pago Nş6102 - MORABITO FEDERICO JAVIER;216.500,00
140);29803;Cobros;20/01/2026;s/ Rec. Nş2101 - OSPILM;11.956.113,31
141);29804;Cobros;20/01/2026;s/ Rec. Nş2102 - FATERYH;10.532.451,23
142);29805;Cobros;20/01/2026;s/ Rec. Nş2103 - OSPERYHRA;2.420.000,00
143);30357;Pagos;20/01/2026;s/ O.Pago Nş6103 - DAURAT MERCEDES MARIA;6.050.000,00
144);30449;Manual;20/01/2026;Pago Prestamo Macro-Cuota 9;1.630.711,71
145);30482;Pagos;20/01/2026;s/ O.Pago Nş6080 - MERCEDES FRATTINI;1.047.986,80
146);29806;Cobros;21/01/2026;s/ Rec. Nş2104 - OSLERA;151.948,25
147);29972;Manual;21/01/2026;Rescate aportes Lucas Eiros;7.200.000,00
148);30068;Manual;21/01/2026;Beneficios al personal;1.456.660,50
149);30170;Pagos;21/01/2026;s/ O.Pago Nş6179 - YOMHA DANTE;5.000.000,00
150);30561;Manual;21/01/2026;Caducidad PFPU342461;9.948.435,16
151);30562;Manual;21/01/2026;Caducidad PFPT924280;2.655.513,84
152);29807;Cobros;22/01/2026;s/ Rec. Nş2105 - OSPERYH;44.991.757,39
153);29893;Compras;22/01/2026;s/F A  Nş -00010321 - NUBI S.A.;66.095,97
154);29978;Manual;22/01/2026;Transfrencia entre cuentas;1.535.000,00
155);30014;Manual;22/01/2026;Devengamiento PFP V612731;39.604.565,15
156);30150;Manual;22/01/2026;S/Retiros de Socios;4.000.000,00
157);30574;Manual;22/01/2026;Pago Prestamo Brubank;1.535.000,00
158);29808;Cobros;23/01/2026;s/ Rec. Nş2106 - GEA S.A.;1.396.662,31
159);29894;Compras;23/01/2026;s/F A  Nş -00237670 - GALENO ARGENTINA SOCIEDAD ANONIMA;106.105,02
160);29975;Manual;23/01/2026;Transfrencia entre cuentas;3.100.000,00
161);29985;Manual;23/01/2026;Transfrencia entre cuentas;3.000.000,00
162);30035;Pagos;23/01/2026;s/ O.Pago Nş6151 - BANCO SANTANDER RIO SA;410.456,28
163);30044;Manual;23/01/2026;Pago Prestamo 0197-039100730317;2.133.933,66
164);30064;Manual;23/01/2026;Gasto Personal;111.792,98
165);30429;Manual;23/01/2026;Pago Prestamo Cuota 19;2.492.865,84
166);30434;Pagos;23/01/2026;s/ O.Pago Nş6229 - BANCO DE LA CIUDAD DE BUENOS AIRES;531.460,36
167);29895;Compras;26/01/2026;s/F A  Nş -00000018 - FABIOLA LANDIN;726.000,00
168);29896;Compras;26/01/2026;s/F C  Nş -00000069 - LUCAS LEONARDO EIROS;5.000.000,00
169);30001;Pagos;26/01/2026;s/ O.Pago Nş6146 - LUCAS LEONARDO EIROS;5.000.000,00
170);29744;Pagos;27/01/2026;s/ O.Pago Nş6091 - MERCEDES FRATTINI;2.382.000,00
171);29745;Pagos;27/01/2026;s/ O.Pago Nş6092 - ALLER ROCIO BELEN;35.000,00
172);29746;Pagos;28/01/2026;s/ O.Pago Nş6104 - GOLAWARE S.R.L.;757.218,00
173);29811;Cobros;28/01/2026;s/ Rec. Nş200010012 - ASSISTENCIAL SALUD S.A.;373.164,00
174);29897;Compras;28/01/2026;s/F A  Nş -00004173 - CONTATECH;36.300,00
175);29898;Compras;28/01/2026;s/F A  Nş -00211440 - TELEFONICA MOVILES ARGENT;168.433,58
176);30350;Cobros;28/01/2026;s/ Rec. Nş200010011 - OSPERYH;2.633.112,81
177);30351;Cobros;28/01/2026;s/ Rec. Nş200010010 - OSPERYH;33.637.618,79
178);30384;Pagos;28/01/2026;s/ O.Pago Nş6217 - BANCO BBVA ARGENTINA;2.076.818,93
179);29812;Cobros;29/01/2026;s/ Rec. Nş200010013 - MEDICAL SERVICIOS DE SALUD SRL;2.584.170,11
180);29813;Cobros;29/01/2026;s/ Rec. Nş200010014 - APDIS;2.239.132,43
181);30379;Manual;29/01/2026;Pago cuota Nro 12;738.704,60
182);29747;Pagos;30/01/2026;s/ O.Pago Nş6087 - FUNDACION CONSENSO;228.850,93
183);29748;Pagos;30/01/2026;s/ O.Pago Nş6088 - SACCOL EMILIANO;1.229.027,25
184);29749;Pagos;30/01/2026;s/ O.Pago Nş6089 - MINDER S A;61.415,96
185);29750;Pagos;30/01/2026;s/ O.Pago Nş6090 - WNS & ASOCIADOS S.R.L.;2.256.287,00
186);29899;Compras;30/01/2026;s/F A  Nş -00000381 - SANDJIAN & ASOCIADOS;2.904.000,00
187);29900;Compras;30/01/2026;s/F A  Nş -00000382 - SANDJIAN & ASOCIADOS;931.700,00
188);29955;Manual;30/01/2026;Pago de Haberes;12.862.421,00
189);30165;Pagos;30/01/2026;s/ O.Pago Nş6175 - LUCAS LEONARDO EIROS;6.000.000,00
190);29901;Compras;31/01/2026;s/F A  Nş -00005793 - GOLAWARE S.R.L.;747.054,00
191);29902;Compras;31/01/2026;s/F A  Nş -00006254 - WNS & ASOCIADOS S.R.L.;2.256.287,00
192);29952;Manual;31/01/2026;Gastos y Comisiones Bancarias-Santander;12.407.361,64
193);30049;Compras;31/01/2026;s/F C  Nş -00000093 - YOMHA DANTE;5.800.000,00
194);30050;Compras;31/01/2026;s/F C  Nş -00000170 - YOMHA GALILEO;2.500.000,00
195);30051;Compras;31/01/2026;s/F C  Nş -00000090 - YOMHA FRANCO;5.800.000,00
196);30052;Manual;31/01/2026;Devengamiento Iva Enero 2026;24.056.948,89
197);30054;Manual;31/01/2026;Devengamiento IIBB Enero 2026;9.452.109,62
198);30056;Manual;31/01/2026;Devengamiento Sueldos Enero 2026;28.244.791,17
199);30058;Manual;31/01/2026;Gastos y Comisiones Bancarias-Banco Ciudad;107.132,23
200);30072;Compras;31/01/2026;s/OC  Nş -31012026 - BANCO MACRO CTA CTE;68.704,70
201);30397;Manual;31/01/2026;Gastos Bancarios Banco Frances;34.451,24
202);30401;Pagos;31/01/2026;s/ O.Pago Nş6220 - BANCO BBVA ARGENTINA;77.668,96
203);30406;Manual;31/01/2026;Gastos Bancarios Banco Galicia;477,32
204);30416;Pagos;31/01/2026;s/ O.Pago Nş6224 - BANCO GALICIA;72.243,39
205);30438;Pagos;31/01/2026;s/ O.Pago Nş6233 - BANCO MACRO CTA CTE;68.704,70
206);30439;Manual;31/01/2026;Gastos Bancarios - Banco Macro;10.236,44
207);30594;Pagos;31/01/2026;s/ O.Pago Nş6262 - TELEFONICA MOVILES ARGENT;263,70
208);29616;Ventas;01/02/2026;s/NC A  Nş 00003-00000031 - GEA S.A.;1.396.662,31
209);29903;Compras;01/02/2026;s/F A  Nş -00000473 - DAURAT MERCEDES MARIA;6.050.000,00
210);29904;Compras;01/02/2026;s/F A  Nş -00004478 - ARQUETIPONET S.R.L.;280.139,20
211);29905;Compras;01/02/2026;s/F A  Nş -00002370 - CESAR AUGUSTO ARCARO MALITO;960.755,37
212);29906;Compras;01/02/2026;s/F A  Nş -00002371 - CESAR AUGUSTO ARCARO MALITO;484.000,00
213);29907;Compras;01/02/2026;s/F A  Nş -00002372 - CESAR AUGUSTO ARCARO MALITO;1.158.559,86
214);29908;Compras;01/02/2026;s/F A  Nş -00002373 - CESAR AUGUSTO ARCARO MALITO;2.490.271,85
215);29909;Compras;01/02/2026;s/F C  Nş -00001206 - LUCIANO ORSI;502.125,00
216);29910;Compras;01/02/2026;s/F C  Nş -00001207 - LUCIANO ORSI;595.432,00
217);29911;Compras;01/02/2026;s/F C  Nş -00001208 - LUCIANO ORSI;916.933,00
218);29912;Compras;01/02/2026;s/F C  Nş -00001209 - LUCIANO ORSI;502.123,00
219);29935;Ventas;01/02/2026;s/F A  Nş 00003-00000505 - GEA S.A.;1.396.662,31
220);29936;Ventas;01/02/2026;s/F B  Nş 00003-00001029 - OS PRENSA ROSARIO;954.837,97
221);29937;Ventas;01/02/2026;s/F B  Nş 00003-00001030 - OS PRENSA ROSARIO;1.066.468,29
222);29938;Ventas;01/02/2026;s/F B  Nş 00003-00001031 - O.S. DEL PER. DEL JOCKEY CLUB DE ROSAR;2.434.455,35
223);29939;Ventas;01/02/2026;s/F B  Nş 00003-00001032 - O.S. DEL PER. DEL JOCKEY CLUB DE ROSAR;855.879,72
224);29940;Ventas;01/02/2026;s/F B  Nş 00003-00001033 - OSPERYH;2.633.112,81
225);29941;Ventas;01/02/2026;s/F B  Nş 00003-00001034 - OSPERYHRA;554.339,54
226);29942;Ventas;01/02/2026;s/F B  Nş 00003-00001035 - FATERYH;10.532.451,23
227);29943;Ventas;01/02/2026;s/F B  Nş 00003-00001036 - SUTERH;2.217.358,15
228);29944;Ventas;01/02/2026;s/F B  Nş 00003-00001037 - OBRA SOCIAL DEL PERSONAL MUNICIPAL DE;423.500,00
229);29945;Ventas;01/02/2026;s/F B  Nş 00003-00001038 - OBRA SOCIAL DEL PERSONAL MUNICIPAL DE;5.445.000,00
230);30023;Compras;01/02/2026;s/OC  Nş -73031720 - BANCO SANTANDER RIO SA;410.456,28
231);30024;Compras;01/02/2026;s/OC  Nş -82817110 - BANCO SANTANDER RIO SA;434.457,58
232);30026;Compras;01/02/2026;s/OC  Nş -08660637 - BANCO SANTANDER RIO SA;268.620,03
233);30028;Compras;01/02/2026;s/OC  Nş -08976493 - BANCO SANTANDER RIO SA;1.213.596,78
234);29913;Compras;02/02/2026;s/F A  Nş -00003593 - FUNDACION CONSENSO;242.582,01
235);29914;Compras;02/02/2026;s/F A  Nş -00026325 - MINDER S A;56.273,05
236);29915;Compras;02/02/2026;s/F C  Nş -00000041 - MARIA SOLEDAD PASCALE;2.500.000,00
237);29916;Compras;02/02/2026;s/F C  Nş -00000203 - RODRIGUEZ PILAR;1.783.100,00
238);29917;Compras;02/02/2026;s/F C  Nş -00000125 - MERCEDES FRATTINI;1.047.986,80
239);29918;Compras;02/02/2026;s/F C  Nş -00000126 - MERCEDES FRATTINI;1.500.000,00
240);29919;Compras;02/02/2026;s/F C  Nş -00000127 - MERCEDES FRATTINI;536.136,76
241);29970;Manual;02/02/2026;Pago Autonomos Socio Gerente;125.485,06
242);29993;Manual;02/02/2026;Pago Tarjeta de Credito;3.457.500,00
243);30596;Manual;02/02/2026;Tarjeta de Credito Visa;2.277.614,02
244);29814;Cobros;03/02/2026;s/ Rec. Nş200010015 - OS PRENSA ROSARIO;2.021.306,26
245);30022;Compras;03/02/2026;s/OC  Nş -72110421 - BANCO SANTANDER RIO SA;136.205,94
246);30045;Manual;03/02/2026;Pago Prestamo 0197-039100721104;809.503,41
247);30321;Pagos;03/02/2026;s/ O.Pago Nş6152 - BANCO SANTANDER RIO SA;136.205,94
248);29614;Ventas;04/02/2026;s/F A  Nş 00003-00000506 - ASSISTENCIAL SALUD S.A.;3.248.768,57
249);29615;Ventas;04/02/2026;s/F A  Nş 00003-00000507 - MEDICAL SERVICIOS DE SALUD SRL;2.045.005,39
250);29617;Ventas;04/02/2026;s/F A  Nş 00003-00000508 - GEA S.A.;1.435.768,85
251);29618;Ventas;04/02/2026;s/F B  Nş 00003-00001039 - OSPILM;6.258.474,78
252);29920;Compras;04/02/2026;s/F A  Nş -00001644 - SACCOL EMILIANO;548.704,75
253);30135;Pagos;04/02/2026;s/ O.Pago Nş6169 - YOMHA GALILEO;3.000.000,00
254);29956;Manual;05/02/2026;Pago de Haberes;8.918.429,00
255);29758;Pagos;06/02/2026;s/ O.Pago Nş6123 - SANDJIAN & ASOCIADOS;931.700,00
256);29990;Manual;06/02/2026;Transfrencia entre cuentas;125.000,00
257);29991;Manual;06/02/2026;Transfrencia entre cuentas;85.000,00
258);29999;Manual;06/02/2026;Pago Obra Social-SCVO 2025-12;2.445.187,21
259);30029;Compras;06/02/2026;s/OC  Nş -08976494 - BANCO SANTANDER RIO SA;1.177.902,76
260);30036;Pagos;06/02/2026;s/ O.Pago Nş6153 - BANCO SANTANDER RIO SA;1.177.902,76
261);30046;Manual;06/02/2026;Pago Prestamo 0197-039100897649;613.888,89
262);30060;Manual;06/02/2026;Gasto Personal OSDE;768.368,29
263);29781;Pagos;09/02/2026;s/ O.Pago Nş6134 - TELEFONICA MOVILES ARGENT;168.433,58
264);30019;Manual;09/02/2026;Pago Plan de Pago Sindicato;832.000,00
265);30027;Compras;09/02/2026;s/OC  Nş -86606308 - BANCO SANTANDER RIO SA;227.952,36
266);30037;Pagos;09/02/2026;s/ O.Pago Nş6154 - BANCO SANTANDER RIO SA;227.952,36
267);30047;Manual;09/02/2026;Pago Prestamo 0197-039100866063;944.261,57
268);29815;Cobros;10/02/2026;s/ Rec. Nş200010016 - O.S. DEL PER. DEL JOCKEY CLUB DE ROSARIO;3.290.335,07
269);29966;Manual;10/02/2026;Gastos de Prepaga Swiss 2026/02;106.545,95
270);29756;Pagos;11/02/2026;s/ O.Pago Nş6125 - CESAR AUGUSTO ARCARO MALITO;4.609.587,08
271);30004;Manual;11/02/2026;V113915 - Cuota 3.733.998,24 (Pago Cuota 2);4.028.361,77
272);30005;Manual;11/02/2026;V293428 - Cuota 216.835,52 (Pago Cuota 1);227.966,41
273);30006;Manual;11/02/2026;V066516 - Cuota 2.071.918,23 (Pago Cuota 3);2.235.254,45
274);30061;Manual;11/02/2026;Gasto Personal OSDE;1.185.610,09
275);30487;Pagos;11/02/2026;s/ O.Pago Nş6124 - LUCIANO ORSI;2.471.613,00
276);29921;Compras;13/02/2026;s/F A  Nş -00010690 - NUBI S.A.;44.063,98
277);30067;Manual;13/02/2026;Beneficios al personal;971.107,00
278);29922;Compras;15/02/2026;s/F C  Nş -00000029 - ANDREACCHIO RODOLFO;900.000,00
279);30008;Manual;16/02/2026;V293237 - Pago Cuota 3;1.808.495,28
280);30009;Manual;16/02/2026;V114140 Pago Cuota 5;450.049,77
281);30012;Manual;16/02/2026;V293428 - Pago Cuota 3;216.835,52
282);30013;Manual;16/02/2026;V429557 -Pago Cuota 2;3.760.940,94
283);29782;Pagos;18/02/2026;s/ O.Pago Nş6136 - MARIA SOLEDAD PASCALE;2.500.000,00
284);29946;Ventas;18/02/2026;s/F A  Nş 00003-00000509 - OSLERA;545.994,83
285);29947;Ventas;18/02/2026;s/F A  Nş 00003-00000510 - APDIS;2.432.336,59
286);29948;Ventas;18/02/2026;s/F A  Nş 00003-00000511 - OSLERA;545.994,83
287);29949;Ventas;18/02/2026;s/F B  Nş 00003-00001040 - OSPERYH;50.151.360,51
288);29950;Ventas;18/02/2026;s/F B  Nş 00003-00001041 - OSPERYHRA;10.130.413,35
289);29951;Ventas;18/02/2026;s/NC A  Nş 00003-00000032 - OSLERA;545.994,83
290);29963;Manual;18/02/2026;Beneficio Soledad Pascale;119.242,36
291);30038;Compras;18/02/2026;s/OC  Nş -82817111 - BANCO SANTANDER RIO SA;414.458,29
292);30039;Pagos;18/02/2026;s/ O.Pago Nş6155 - BANCO SANTANDER RIO SA;414.458,29
293);30048;Manual;18/02/2026;Pago Prestamo 0197-039100828171;683.152,71
294);30253;Cobros;18/02/2026;s/ Rec. Nş200010017 - OSPILM;6.258.474,78
295);30563;Manual;19/02/2026;Compensacion IVA;14.913.682,65
296);29923;Compras;20/02/2026;s/F A  Nş -00239422 - GALENO ARGENTINA SOCIEDAD ANONIMA;169.281,87
297);29979;Manual;20/02/2026;Transfrencia entre cuentas;1.560.000,00
298);29997;Manual;20/02/2026;Pago Convenio Ene.2026;29.626,90
299);29998;Manual;20/02/2026;Honorarios Legales Afip Cuota 1de4;144.263,82
300);30015;Manual;20/02/2026;Devengamiento PFP V725256;28.066.385,92
301);30016;Manual;20/02/2026;Devengamiento PFP V725445;17.535.366,69
302);30017;Manual;20/02/2026;Pago a cuenta V725445;876.768,33
303);30608;Cobros;20/02/2026;s/ Rec. Nş200010018 - GEA S.A.;1.396.661,81
304);30575;Manual;22/02/2026;Pago Prestamo Brubank;1.560.000,00
305);29722;Pagos;23/02/2026;s/ O.Pago Nş6111 - MORABITO FEDERICO JAVIER;216.500,00
306);29820;Cobros;23/02/2026;s/ Rec. Nş200010021 - ASSISTENCIAL SALUD S.A.;3.983.778,66
307);29924;Compras;23/02/2026;s/F A  Nş -00004500 - ARQUETIPONET S.R.L.;163.350,00
308);29925;Compras;23/02/2026;s/F C  Nş -00000139 - MORABITO FEDERICO JAVIER;216.500,00
309);30255;Cobros;23/02/2026;s/ Rec. Nş200010020 - SUTERH;2.108.013,60
310);30312;Cobros;23/02/2026;s/ Rec. Nş200010019 - OSPERYHRA;8.819.313,80
311);29723;Pagos;24/02/2026;s/ O.Pago Nş6109 - MINDER S A;171.048,52
312);29724;Pagos;24/02/2026;s/ O.Pago Nş6112 - RODRIGUEZ PILAR;1.783.000,00
313);29725;Pagos;24/02/2026;s/ O.Pago Nş6113 - DAURAT MERCEDES MARIA;6.050.000,00
314);29821;Cobros;24/02/2026;s/ Rec. Nş200010022 - OBRA SOCIAL DEL PERSONAL MUNICIPAL DE AVELL;5.868.500,00
315);29926;Compras;24/02/2026;s/F A  Nş -00004751 - CONTATECH;39.930,00
316);30352;Cobros;24/02/2026;s/ Rec. Nş200010023 - OSPERYH;44.774.225,77
317);30492;Pagos;24/02/2026;s/ O.Pago Nş6243 - CONTATECH;76.230,00
318);29721;Pagos;25/02/2026;s/ O.Pago Nş6117 - NUBI S.A.;66.095,97
319);29726;Pagos;25/02/2026;s/ O.Pago Nş6114 - MERCEDES FRATTINI;2.036.136,76
320);29727;Pagos;25/02/2026;s/ O.Pago Nş6115 - GOLAWARE S.R.L.;747.054,00
321);29751;Pagos;25/02/2026;s/ O.Pago Nş6116 - ANDREACCHIO RODOLFO;900.000,00
322);29752;Pagos;25/02/2026;s/ O.Pago Nş6118 - MERCEDES FRATTINI;1.047.986,80
323);29753;Pagos;25/02/2026;s/ O.Pago Nş6119 - SACCOL EMILIANO;548.704,75
324);29754;Pagos;25/02/2026;s/ O.Pago Nş6120 - WNS & ASOCIADOS S.R.L.;2.256.287,00
325);29964;Manual;25/02/2026;Beneficio Soledad Pascale;67.245,13
326);29983;Manual;25/02/2026;Transfrencia entre cuentas;1.700.000,00
327);30063;Manual;25/02/2026;Gasto Personal;145.874,59
328);30166;Pagos;25/02/2026;s/ O.Pago Nş6176 - LUCAS LEONARDO EIROS;6.000.000,00
329);30450;Manual;25/02/2026;Pago Prestamo Macro-Cuota 10;1.641.103,08
330);29823;Cobros;27/02/2026;s/ Rec. Nş200010024 - APDIS;2.432.336,59
331);29957;Manual;27/02/2026;Pago de Haberes;9.305.536,00
332);30134;Pagos;27/02/2026;s/ O.Pago Nş6168 - YOMHA FRANCO;5.085.000,00
333);29927;Compras;28/02/2026;s/F A  Nş -00000391 - SANDJIAN & ASOCIADOS;931.700,00
334);29928;Compras;28/02/2026;s/F A  Nş -00000392 - SANDJIAN & ASOCIADOS;2.904.000,00
335);29929;Compras;28/02/2026;s/F A  Nş -00006029 - GOLAWARE S.R.L.;734.349,00
336);29930;Compras;28/02/2026;s/F A  Nş -00006370 - WNS & ASOCIADOS S.R.L.;2.256.287,00
337);29931;Compras;28/02/2026;s/F A  Nş -00217648 - TELEFONICA MOVILES ARGENT;175.145,68
338);29932;Compras;28/02/2026;s/F C  Nş -00000094 - YOMHA DANTE;5.800.000,00
339);29933;Compras;28/02/2026;s/F C  Nş -00000171 - YOMHA GALILEO;5.800.000,00
340);29934;Compras;28/02/2026;s/F C  Nş -00000091 - YOMHA FRANCO;5.800.000,00
341);29953;Manual;28/02/2026;Gastos y Comisiones Bancarias-Santander;6.775.072,31
342);30053;Manual;28/02/2026;Devengamiento Iva Febrero 2026;17.939.471,43
343);30055;Manual;28/02/2026;Devengamiento IIBB Febrero 2026;11.934.430,11
344);30057;Manual;28/02/2026;Devengamiento Sueldos Febrero 2026;28.784.789,61
345);30059;Manual;28/02/2026;Gastos y Comisiones Bancarias-Banco Ciudad;69.080,63
346);30398;Manual;28/02/2026;Gastos Bancarios Banco Frances;463,84
347);30402;Pagos;28/02/2026;s/ O.Pago Nş6221 - BANCO BBVA ARGENTINA;75.232,54
348);30407;Manual;28/02/2026;Gastos Bancarios Banco Galicia;525,38
349);30415;Pagos;28/02/2026;s/ O.Pago Nş6225 - BANCO GALICIA;81.177,17
350);30440;Manual;28/02/2026;Gastos Bancarios - Banco Macro;10.297,97
351);30443;Compras;28/02/2026;s/OC  Nş -00202602 - BANCO MACRO CTA CTE;73.303,09
352);30446;Pagos;28/02/2026;s/ O.Pago Nş6234 - BANCO MACRO CTA CTE;73.303,09
353);29707;Ventas;01/03/2026;s/F A  Nş 00003-00000512 - GEA S.A.;1.474.972,20
354);29708;Ventas;01/03/2026;s/F A  Nş 00003-00000513 - ASSISTENCIAL SALUD S.A.;3.857.074,61
355);29709;Ventas;01/03/2026;s/F A  Nş 00003-00000514 - MEDICAL SERVICIOS DE SALUD SRL;2.731.309,38
356);29710;Ventas;01/03/2026;s/F B  Nş 00003-00001042 - OS PRENSA ROSARIO;1.050.321,77
357);29711;Ventas;01/03/2026;s/F B  Nş 00003-00001043 - OS PRENSA ROSARIO;1.173.115,12
358);29712;Ventas;01/03/2026;s/F B  Nş 00003-00001044 - O.S. DEL PER. DEL JOCKEY CLUB DE ROSAR;2.677.900,89
359);29713;Ventas;01/03/2026;s/F B  Nş 00003-00001045 - O.S. DEL PER. DEL JOCKEY CLUB DE ROSAR;941.467,69
360);29714;Ventas;01/03/2026;s/F B  Nş 00003-00001046 - OSPERYH;2.764.194,33
361);29715;Ventas;01/03/2026;s/F B  Nş 00003-00001047 - OSPERYHRA;581.935,65
362);29716;Ventas;01/03/2026;s/F B  Nş 00003-00001048 - FATERYH;11.056.777,30
363);29717;Ventas;01/03/2026;s/F B  Nş 00003-00001049 - SUTERH;2.327.742,59
364);29718;Ventas;01/03/2026;s/F B  Nş 00003-00001050 - OBRA SOCIAL DEL PERSONAL MUNICIPAL DE;465.850,00
365);29719;Ventas;01/03/2026;s/F B  Nş 00003-00001051 - OBRA SOCIAL DEL PERSONAL MUNICIPAL DE;5.989.500,00
366);29720;Ventas;01/03/2026;s/F B  Nş 00003-00001052 - OSPILM;7.126.179,28
367);29839;Compras;01/03/2026;s/F A  Nş -00001654 - SACCOL EMILIANO;548.704,75
368);29849;Compras;01/03/2026;s/F A  Nş -00004521 - ARQUETIPONET S.R.L.;270.459,20
369);29850;Compras;01/03/2026;s/F A  Nş -00002399 - CESAR AUGUSTO ARCARO MALITO;960.755,37
370);29851;Compras;01/03/2026;s/F A  Nş -00002400 - CESAR AUGUSTO ARCARO MALITO;484.000,00
371);29852;Compras;01/03/2026;s/F A  Nş -00002401 - CESAR AUGUSTO ARCARO MALITO;1.158.559,86
372);29853;Compras;01/03/2026;s/F A  Nş -00002402 - CESAR AUGUSTO ARCARO MALITO;2.490.271,85
373);29854;Compras;01/03/2026;s/F C  Nş -00001231 - LUCIANO ORSI;502.125,00
374);29855;Compras;01/03/2026;s/F C  Nş -00001232 - LUCIANO ORSI;595.432,00
375);29856;Compras;01/03/2026;s/F C  Nş -00001233 - LUCIANO ORSI;916.933,00
376);29857;Compras;01/03/2026;s/F C  Nş -00001234 - LUCIANO ORSI;502.123,00
377);29825;Cobros;02/03/2026;s/ Rec. Nş200010026 - MEDICAL SERVICIOS DE SALUD SRL;2.117.652,00
378);29858;Compras;02/03/2026;s/F A  Nş -00003636 - FUNDACION CONSENSO;261.987,99
379);29859;Compras;02/03/2026;s/F A  Nş -00027509 - MINDER S A;57.904,96
380);29860;Compras;02/03/2026;s/F C  Nş -00000042 - MARIA SOLEDAD PASCALE;2.500.000,00
381);29994;Manual;02/03/2026;Pago Tarjeta de Credito;3.004.740,00
382);30143;Compras;02/03/2026;s/OC  Nş -0003910073031702 - BANCO SANTANDER RIO SA;338.602,08
383);30147;Manual;02/03/2026;Pago Prestamo 0197-39100730317 Cuota 21;2.199.729,95
384);30310;Cobros;02/03/2026;s/ Rec. Nş200010025 - OSLERA;545.994,83
385);30597;Manual;02/03/2026;Tarjeta de Credito Visa;1.860.210,53
386);30144;Compras;03/03/2026;s/OC  Nş -0003910072110402 - BANCO SANTANDER RIO SA;103.594,49
387);30145;Pagos;03/03/2026;s/ O.Pago Nş6172 - BANCO SANTANDER RIO SA;338.602,08
388);30146;Pagos;03/03/2026;s/ O.Pago Nş6173 - BANCO SANTANDER RIO SA;103.594,49
389);30148;Manual;03/03/2026;Pago Prestamo 0197-39100721104 Cuota 22;837.161,44
390);29755;Pagos;04/03/2026;s/ O.Pago Nş6121 - CESAR AUGUSTO ARCARO MALITO;1.452.000,00
391);29826;Cobros;04/03/2026;s/ Rec. Nş200010027 - OSPERYHRA;10.684.752,89
392);29827;Cobros;04/03/2026;s/ Rec. Nş200010028 - OS PRENSA ROSARIO;2.021.306,26
393);29861;Compras;04/03/2026;s/F C  Nş -00000206 - RODRIGUEZ PILAR;1.961.410,00
394);29862;Compras;04/03/2026;s/F C  Nş -00000132 - MERCEDES FRATTINI;1.047.986,80
395);29863;Compras;04/03/2026;s/F C  Nş -00000133 - MERCEDES FRATTINI;1.500.000,00
396);29864;Compras;04/03/2026;s/NC C  Nş -00000005 - ABEL RODRIGUEZ;1.961.410,00
397);29865;Compras;04/03/2026;s/R C  Nş -00000163 - ABEL RODRIGUEZ;1.961.410,00
398);30065;Manual;04/03/2026;Gasto Personal;32.049,73
399);29958;Manual;05/03/2026;Pago de Haberes;9.305.536,00
400);30514;Pagos;05/03/2026;s/ O.Pago Nş6256 - YOMHA DANTE;800.000,00
401);29783;Pagos;06/03/2026;s/ O.Pago Nş6131 - SANDJIAN & ASOCIADOS;2.904.000,00
402);29784;Pagos;06/03/2026;s/ O.Pago Nş6132 - WNS & ASOCIADOS S.R.L.;2.256.287,00
403);29785;Pagos;06/03/2026;s/ O.Pago Nş6133 - TELEFONICA MOVILES ARGENT;175.145,68
404);29976;Manual;06/03/2026;Transfrencia entre cuentas;3.250.000,00
405);29986;Manual;06/03/2026;Transfrencia entre cuentas;2.900.000,00
406);29988;Manual;06/03/2026;Transfrencia entre cuentas;20.000,00
407);29989;Manual;06/03/2026;Transfrencia entre cuentas;85.000,00
408);30117;Compras;06/03/2026;s/OC  Nş -0003910089764903 - BANCO SANTANDER RIO SA;1.031.672,40
409);30122;Pagos;06/03/2026;s/ O.Pago Nş6162 - BANCO SANTANDER RIO SA;1.031.672,40
410);30127;Manual;06/03/2026;Pago Prestamo 0197-39100897649 Cuota 5;613.888,89
411);30380;Manual;06/03/2026;Pago cuota Nro 13;763.943,70
412);30382;Pagos;06/03/2026;s/ O.Pago Nş6218 - BANCO BBVA ARGENTINA;2.080.904,53
413);30430;Manual;06/03/2026;Pago Prestamo Cuota 20;2.571.806,59
414);30435;Pagos;06/03/2026;s/ O.Pago Nş6230 - BANCO DE LA CIUDAD DE BUENOS AIRES;576.441,57
415);29786;Pagos;09/03/2026;s/ O.Pago Nş6135 - MARIA SOLEDAD PASCALE;2.500.000,00
416);29866;Compras;09/03/2026;s/F A  Nş -00011035 - NUBI S.A.;1.454,25
417);30020;Manual;09/03/2026;Pago Plan de Pago Sindicato;832.000,00
418);30118;Compras;09/03/2026;s/OC  Nş -0003910086606303 - BANCO SANTANDER RIO SA;185.316,14
419);30123;Pagos;09/03/2026;s/ O.Pago Nş6163 - BANCO SANTANDER RIO SA;185.316,14
420);30129;Manual;09/03/2026;Pago Prestamo 0197-39100866063 Cuota 9;980.458,20
421);29828;Cobros;10/03/2026;s/ Rec. Nş200010029 - ASSISTENCIAL SALUD S.A.;3.248.768,57
422);29867;Compras;10/03/2026;s/F A  Nş -00002409 - CESAR AUGUSTO ARCARO MALITO;607.568,83
423);29868;Compras;10/03/2026;s/F C  Nş -00001256 - LUCIANO ORSI;794.013,00
424);29869;Compras;10/03/2026;s/NC A  Nş -00000084 - CESAR AUGUSTO ARCARO MALITO;960.755,37
425);29870;Compras;10/03/2026;s/NC C  Nş -00000080 - LUCIANO ORSI;502.123,00
426);29967;Manual;10/03/2026;Gastos de Prepaga Swiss 2026/03;111.775,35
427);30256;Cobros;11/03/2026;s/ Rec. Nş200010031 - SUTERH;2.217.358,15
428);30311;Cobros;11/03/2026;s/ Rec. Nş200010030 - O.S. DEL PER. DEL JOCKEY CLUB DE ROSARIO;3.619.368,58
429);29787;Pagos;12/03/2026;s/ O.Pago Nş6137 - GOLAWARE S.R.L.;734.349,00
430);29788;Pagos;12/03/2026;s/ O.Pago Nş6138 - LUCIANO ORSI;2.516.613,00
431);29789;Pagos;12/03/2026;s/ O.Pago Nş6139 - CESAR AUGUSTO ARCARO MALITO;5.577.587,08
432);29794;Pagos;12/03/2026;s/ O.Pago Nş6140 - ARQUETIPONET S.R.L.;716.025,00
433);29871;Compras;12/03/2026;s/F A  Nş -00011087 - NUBI S.A.;45.375,00
434);29872;Compras;12/03/2026;s/F C  Nş -00000142 - MORABITO FEDERICO JAVIER;238.200,00
435);29873;Compras;12/03/2026;s/NC A  Nş -00000102 - LOPEZ FERNANDO ANDRES;813.604,00
436);29874;Compras;12/03/2026;s/NC A  Nş -00000103 - LOPEZ FERNANDO ANDRES;844.580,00
437);29875;Compras;12/03/2026;s/NC A  Nş -00000104 - LOPEZ FERNANDO ANDRES;844.580,00
438);30066;Manual;12/03/2026;Gasto Personal;35.812,90
439);30069;Manual;12/03/2026;Beneficios al personal;1.000.000,00
440);29876;Compras;13/03/2026;s/F C  Nş -00000030 - ANDREACCHIO RODOLFO;900.000,00
441);30251;Cobros;13/03/2026;s/ Rec. Nş200010032 - FATERYH;10.532.451,23
442);30313;Cobros;13/03/2026;s/ Rec. Nş200010033 - OSPERYHRA;581.935,65
443);30509;Pagos;13/03/2026;s/ O.Pago Nş6252 - YOMHA GALILEO;3.300.000,00
444);30119;Compras;14/03/2026;s/OC  Nş -0003910082817103 - BANCO SANTANDER RIO SA;387.674,19
445);29771;Ventas;15/03/2026;s/F A  Nş 00003-00000515 - APDIS;989.756,88
446);29772;Ventas;15/03/2026;s/F A  Nş 00003-00000516 - OSLERA;237.082,63
447);29773;Ventas;15/03/2026;s/F B  Nş 00003-00001053 - OSPERYH;21.203.848,14
448);29774;Ventas;15/03/2026;s/F B  Nş 00003-00001054 - OSPERYHRA;3.134.843,42
449);29968;Manual;16/03/2026;Beneficio Soledad Pascale;119.242,36
450);30126;Pagos;16/03/2026;s/ O.Pago Nş6166 - BANCO SANTANDER RIO SA;387.674,19
451);30128;Manual;16/03/2026;Pago Prestamo 0197-39100828171 Cuota 12;703.647,29
452);29877;Compras;17/03/2026;s/F A  Nş -00000019 - FABIOLA LANDIN;726.000,00
453);29878;Compras;17/03/2026;s/F A  Nş -00000020 - FABIOLA LANDIN;726.000,00
454);29790;Pagos;18/03/2026;s/ O.Pago Nş6141 - MORABITO FEDERICO JAVIER;238.200,00
455);29791;Pagos;18/03/2026;s/ O.Pago Nş6142 - MINDER S A;57.904,96
456);30254;Cobros;18/03/2026;s/ Rec. Nş200010034 - OSPILM;7.126.179,28
457);30309;Cobros;18/03/2026;s/ Rec. Nş200010035 - OSLERA;237.082,63
458);30489;Cobros;18/03/2026;s/ Rec. Nş200010036 - SUTERH;2.217.358,14
459);29792;Pagos;19/03/2026;s/ O.Pago Nş6143 - FABIOLA LANDIN;726.000,00
460);29793;Pagos;19/03/2026;s/ O.Pago Nş6144 - NUBI S.A.;45.518,23
461);29795;Pagos;19/03/2026;s/ O.Pago Nş6145 - ARQUETIPONET S.R.L.;270.459,20
462);29980;Manual;19/03/2026;Transfrencia entre cuentas;1.575.000,00
463);30070;Pagos;19/03/2026;s/ O.Pago Nş6156 - YOMHA GALILEO;5.000.000,00
464);30136;Pagos;19/03/2026;s/ O.Pago Nş6170 - YOMHA GALILEO;2.000.000,00
465);30576;Manual;19/03/2026;Pago Prestamo Brubank;1.575.000,00
466);29954;Manual;20/03/2026;Gastos y Comisiones Bancarias-Santander;2.525.427,07
467);30082;Cobros;20/03/2026;s/ Rec. Nş200010037 - APDIS;989.756,88
468);30084;Cobros;20/03/2026;s/ Rec. Nş200010039 - FATERYH;11.056.777,30
469);30334;Cobros;20/03/2026;s/ Rec. Nş200010038 - GEA S.A.;1.474.972,20
470);30167;Pagos;24/03/2026;s/ O.Pago Nş6177 - LUCAS LEONARDO EIROS;1.000.000,00
471);30085;Pagos;25/03/2026;s/ O.Pago Nş6157 - RODRIGUEZ PILAR;1.961.610,00
472);30086;Pagos;25/03/2026;s/ O.Pago Nş6158 - MERCEDES FRATTINI;2.547.986,80
473);30087;Pagos;25/03/2026;s/ O.Pago Nş6159 - ANDREACCHIO RODOLFO;900.000,00
474);30088;Pagos;25/03/2026;s/ O.Pago Nş6160 - SACCOL EMILIANO;548.704,75
475);30089;Pagos;25/03/2026;s/ O.Pago Nş6161 - DAURAT MERCEDES MARIA;6.050.000,00
476);30114;Manual;25/03/2026;Transfrencia entre cuentas Santander a Banco Ciudad;3.160.000,00
477);30115;Manual;25/03/2026;Transfrencia entre cuentas Santander a Banco Macro;1.700.000,00
478);30116;Manual;25/03/2026;Transfrencia entre cuentas Santander a Banco Galicia;115.000,00
479);30132;Manual;25/03/2026;Beneficios al personal;201.409,34
480);30137;Pagos;25/03/2026;s/ O.Pago Nş6171 - YOMHA FRANCO;715.000,00
481);30138;Manual;25/03/2026;Retiro Efectivo Cheque 1327 y 1328;1.000.000,00
482);30392;Manual;25/03/2026;Extraccion de efectivo;1.000,00
483);30431;Manual;25/03/2026;Pago Prestamo Cuota 21;2.653.247,13
484);30451;Manual;25/03/2026;Pago Prestamo Macro-Cuota 11;1.616.863,80
485);30485;Pagos;25/03/2026;s/ O.Pago Nş6231 - BANCO DE LA CIUDAD DE BUENOS AIRES;434.346,73
486);30090;Cobros;26/03/2026;s/ Rec. Nş200010040 - OBRA SOCIAL DEL PERSONAL MUNICIPAL DE AVELL;6.455.350,00
487);30092;Compras;26/03/2026;s/F A  Nş -00044516 - DINAMICA COMERCIAL  SRL;19.000,00
488);30093;Compras;26/03/2026;s/F A  Nş -00241398 - GALENO ARGENTINA SOCIEDAD ANONIMA;176.253,64
489);30133;Pagos;26/03/2026;s/ O.Pago Nş6167 - DINAMICA COMERCIAL  SRL;19.000,00
490);30091;Cobros;27/03/2026;s/ Rec. Nş200010041 - SUTERH;2.217.358,15
491);30160;Compras;27/03/2026;s/F C  Nş -00000070 - LUCAS LEONARDO EIROS;12.000.000,00
492);30094;Compras;28/03/2026;s/F A  Nş -00224458 - TELEFONICA MOVILES ARGENT;194.518,32
493);30120;Compras;30/03/2026;s/OC  Nş -0003910072110403 - BANCO SANTANDER RIO SA;62.453,29
494);30121;Compras;30/03/2026;s/OC  Nş -0003910073031703 - BANCO SANTANDER RIO SA;258.485,24
495);30124;Pagos;30/03/2026;s/ O.Pago Nş6164 - BANCO SANTANDER RIO SA;258.485,24
496);30125;Pagos;30/03/2026;s/ O.Pago Nş6165 - BANCO SANTANDER RIO SA;62.453,29
497);30130;Manual;30/03/2026;Pago Prestamo 0197-39100730317 Cuota 22;2.267.554,95
498);30131;Manual;30/03/2026;Pago Total Prestamo 0197-39100721104 Cuota 23 y 24;1.761.109,52
499);30140;Manual;30/03/2026;Aporte Gonzalo Eiros;2.000.000,00
500);30095;Compras;31/03/2026;s/F A  Nş -00006573 - WNS & ASOCIADOS S.R.L.;2.389.145,00
501);30112;Manual;31/03/2026;Gastos y Comisiones Bancarias-Santander;615.154,06
502);30113;Manual;31/03/2026;Pago de Haberes 50% Marzo;9.122.305,50
503);30141;Compras;31/03/2026;s/F A  Nş -00006272 - GOLAWARE S.R.L.;734.349,00
504);30142;Compras;31/03/2026;s/F A  Nş -00011241 - NUBI S.A.;1.625,01
505);30161;Compras;31/03/2026;s/F C  Nş -00000071 - LUCAS LEONARDO EIROS;6.000.000,00
506);30162;Compras;31/03/2026;s/F C  Nş -00000095 - YOMHA DANTE;5.800.000,00
507);30163;Compras;31/03/2026;s/F C  Nş -00000172 - YOMHA GALILEO;5.800.000,00
508);30164;Compras;31/03/2026;s/F C  Nş -00000092 - YOMHA FRANCO;5.800.000,00
509);30258;Compras;31/03/2026;s/F A  Nş -00000435 - SANDJIAN & ASOCIADOS;2.904.000,00
510);30259;Compras;31/03/2026;s/F A  Nş -00000436 - SANDJIAN & ASOCIADOS;931.700,00
511);30399;Manual;31/03/2026;Gastos Bancarios Banco Frances;17.521,12
512);30403;Pagos;31/03/2026;s/ O.Pago Nş6222 - BANCO BBVA ARGENTINA;74.340,00
513);30408;Manual;31/03/2026;Gastos Bancarios Banco Galicia;738,53
514);30417;Pagos;31/03/2026;s/ O.Pago Nş6226 - BANCO GALICIA;120.688,56
515);30419;Manual;31/03/2026;Gastos y Comisiones Bancarias-Banco Ciudad;129.973,21
516);30441;Manual;31/03/2026;Gastos Bancarios - Banco Macro;9.719,24
517);30444;Compras;31/03/2026;s/OC  Nş -00202603 - BANCO MACRO CTA CTE;74.964,07
518);30447;Pagos;31/03/2026;s/ O.Pago Nş6235 - BANCO MACRO CTA CTE;74.964,07
519);30511;Pagos;31/03/2026;s/ O.Pago Nş6254 - YOMHA FRANCO;5.800.000,00
520);30513;Manual;31/03/2026;Insumos de Libreria;34.492,80
521);30535;Manual;31/03/2026;Devengamiento Sueldos Marzo 2026;28.472.078,65
522);30572;Manual;31/03/2026;Devengamiento Iva Marzo 2026;12.111.250,49
523);30573;Manual;31/03/2026;Devengamiento IIBB Marzo 2026;12.249.387,65
524);30585;Manual;31/03/2026;Reclasificaiocn Ingresos Brutos;984.685,74
525);30586;Manual;31/03/2026;Reclasificacion de cuentas de impuestos;4.091.883,07
526);30587;Manual;31/03/2026;Pago proveedores;2.019.064,83
527);30097;Ventas;01/04/2026;s/F A  Nş 00003-00000518 - MEDICAL SERVICIOS DE SALUD SRL;1.548.882,80
528);30098;Ventas;01/04/2026;s/F A  Nş 00003-00000519 - ASSISTENCIAL SALUD S.A.;1.477.595,53
529);30099;Ventas;01/04/2026;s/F B  Nş 00003-00001055 - OS PRENSA ROSARIO;1.050.321,77
530);30100;Ventas;01/04/2026;s/F B  Nş 00003-00001056 - OS PRENSA ROSARIO;1.173.115,12
531);30101;Ventas;01/04/2026;s/F B  Nş 00003-00001057 - O.S. DEL PER. DEL JOCKEY CLUB DE ROSAR;2.677.900,89
532);30102;Ventas;01/04/2026;s/F B  Nş 00003-00001058 - O.S. DEL PER. DEL JOCKEY CLUB DE ROSAR;941.467,69
533);30103;Ventas;01/04/2026;s/F B  Nş 00003-00001059 - OSPERYH;2.764.194,33
534);30104;Ventas;01/04/2026;s/F B  Nş 00003-00001060 - OSPERYHRA;581.935,65
535);30106;Ventas;01/04/2026;s/F B  Nş 00003-00001062 - SUTERH;2.327.742,59
536);30107;Ventas;01/04/2026;s/F B  Nş 00003-00001063 - OBRA SOCIAL DEL PERSONAL MUNICIPAL DE;465.850,00
537);30108;Ventas;01/04/2026;s/F B  Nş 00003-00001064 - OBRA SOCIAL DEL PERSONAL MUNICIPAL DE;5.989.500,00
538);30109;Ventas;01/04/2026;s/F B  Nş 00003-00001065 - OSPERYH;11.045.851,57
539);30110;Ventas;01/04/2026;s/F B  Nş 00003-00001066 - OSPERYHRA;1.308.108,28
540);30111;Ventas;01/04/2026;s/F B  Nş 00003-00001067 - OSPILM;3.412.537,26
541);30237;Ventas;01/04/2026;s/F A  Nş 00003-00000517 - GEA S.A.;1.474.972,20
542);30238;Ventas;01/04/2026;s/F B  Nş 00003-00001061 - FATERYH;11.056.777,30
543);30260;Compras;01/04/2026;s/F A  Nş -00000494 - DAURAT MERCEDES MARIA;6.050.000,00
544);30261;Compras;01/04/2026;s/F A  Nş -00000495 - DAURAT MERCEDES MARIA;6.050.000,00
545);30262;Compras;01/04/2026;s/F A  Nş -00000496 - DAURAT MERCEDES MARIA;6.050.000,00
546);30263;Compras;01/04/2026;s/F A  Nş -00001668 - SACCOL EMILIANO;603.548,00
547);30264;Compras;01/04/2026;s/F A  Nş -00004564 - ARQUETIPONET S.R.L.;267.555,20
548);30265;Compras;01/04/2026;s/F A  Nş -00002436 - CESAR AUGUSTO ARCARO MALITO;484.000,00
549);30266;Compras;01/04/2026;s/F A  Nş -00002437 - CESAR AUGUSTO ARCARO MALITO;1.158.559,86
550);30267;Compras;01/04/2026;s/F A  Nş -00002438 - CESAR AUGUSTO ARCARO MALITO;607.568,83
551);30268;Compras;01/04/2026;s/F A  Nş -00002439 - CESAR AUGUSTO ARCARO MALITO;1.349.722,24
552);30269;Compras;01/04/2026;s/F A  Nş -00002440 - CESAR AUGUSTO ARCARO MALITO;707.817,69
553);30270;Compras;01/04/2026;s/F A  Nş -00002441 - CESAR AUGUSTO ARCARO MALITO;2.801.784,58
554);30271;Compras;01/04/2026;s/F A  Nş -00003697 - FUNDACION CONSENSO;261.987,99
555);30272;Compras;01/04/2026;s/F C  Nş -00000043 - MARIA SOLEDAD PASCALE;2.500.000,00
556);30273;Compras;01/04/2026;s/F C  Nş -00001257 - LUCIANO ORSI;502.125,00
557);30274;Compras;01/04/2026;s/F C  Nş -00001258 - LUCIANO ORSI;595.432,00
558);30275;Compras;01/04/2026;s/F C  Nş -00001259 - LUCIANO ORSI;916.933,00
559);30276;Compras;01/04/2026;s/F C  Nş -00001260 - LUCIANO ORSI;794.013,00
560);30277;Compras;01/04/2026;s/F C  Nş -00001261 - LUCIANO ORSI;584.975,00
561);30278;Compras;01/04/2026;s/F C  Nş -00001262 - LUCIANO ORSI;693.678,00
562);30279;Compras;01/04/2026;s/F C  Nş -00001263 - LUCIANO ORSI;1.068.226,00
563);30280;Compras;01/04/2026;s/F C  Nş -00001264 - LUCIANO ORSI;925.025,00
564);30281;Compras;01/04/2026;s/NC A  Nş -00000052 - DAURAT MERCEDES MARIA;6.050.000,00
565);30282;Compras;01/04/2026;s/NC A  Nş -00000086 - CESAR AUGUSTO ARCARO MALITO;1.158.559,86
566);30283;Compras;01/04/2026;s/NC A  Nş -00000087 - CESAR AUGUSTO ARCARO MALITO;607.568,83
567);30284;Compras;01/04/2026;s/NC C  Nş -00000085 - LUCIANO ORSI;502.125,00
568);30285;Compras;01/04/2026;s/NC C  Nş -00000086 - LUCIANO ORSI;595.432,00
569);30286;Compras;01/04/2026;s/NC C  Nş -00000087 - LUCIANO ORSI;916.933,00
570);30287;Compras;01/04/2026;s/NC C  Nş -00000088 - LUCIANO ORSI;794.013,00
571);30353;Cobros;01/04/2026;s/ Rec. Nş200010042 - OSPERYH;21.203.848,14
572);30375;Compras;01/04/2026;s/F A  Nş -00004118 - CRAVERO NEGOCIOS S.A.;12.100,00
573);30376;Compras;01/04/2026;s/F A  Nş -00004119 - CRAVERO NEGOCIOS S.A.;15.026,51
574);30385;Compras;01/04/2026;s/OC  Nş -0000001331810112 - BANCO BBVA ARGENTINA;2.076.818,93
575);30386;Compras;01/04/2026;s/OC  Nş -0000001331810113 - BANCO BBVA ARGENTINA;2.080.904,53
576);30394;Compras;01/04/2026;s/OC  Nş -00202601 - BANCO BBVA ARGENTINA;77.668,96
577);30395;Compras;01/04/2026;s/OC  Nş -00202602 - BANCO BBVA ARGENTINA;75.232,54
578);30396;Compras;01/04/2026;s/OC  Nş -00202603 - BANCO BBVA ARGENTINA;74.340,00
579);30410;Compras;01/04/2026;s/OC  Nş -00202603 - BANCO GALICIA;120.688,56
580);30411;Compras;01/04/2026;s/OC  Nş -00202602 - BANCO GALICIA;81.177,17
581);30412;Compras;01/04/2026;s/OC  Nş -00202601 - BANCO GALICIA;72.243,39
582);30425;Compras;01/04/2026;s/OC  Nş -20260219 - BANCO DE LA CIUDAD DE BUENOS AIRES;531.460,36
583);30426;Compras;01/04/2026;s/OC  Nş -20260320 - BANCO DE LA CIUDAD DE BUENOS AIRES;576.441,57
584);30432;Compras;01/04/2026;s/OC  Nş -20260321 - BANCO DE LA CIUDAD DE BUENOS AIRES;434.346,73
585);30493;Pagos;01/04/2026;s/ O.Pago Nş6244 - CRAVERO NEGOCIOS S.A.;27.126,51
586);30288;Compras;03/04/2026;s/F C  Nş -00000144 - MORABITO FEDERICO JAVIER;238.200,00
587);30247;Cobros;06/04/2026;s/ Rec. Nş200010043 - O.S. DEL PER. DEL JOCKEY CLUB DE ROSARIO;3.619.368,58
588);30289;Compras;06/04/2026;s/F A  Nş -00029025 - MINDER S A;59.584,21
589);30290;Compras;06/04/2026;s/F C  Nş -00000138 - MERCEDES FRATTINI;1.047.986,80
590);30291;Compras;06/04/2026;s/F C  Nş -00000139 - MERCEDES FRATTINI;1.500.000,00
591);30452;Manual;06/04/2026;Pago Prestamo Santander 39100897649 - Cuota 6;613.888,89
592);30456;Compras;06/04/2026;s/OC  Nş -0003910089764906 - BANCO SANTANDER RIO SA;1.106.514,72
593);30460;Pagos;06/04/2026;s/ O.Pago Nş6237 - BANCO SANTANDER RIO SA;1.106.514,72
594);30466;Manual;06/04/2026;Aporte Socios Lucas Eiros y Gonzalo Eiros;40.000.000,00
595);30478;Manual;06/04/2026;Pago Tarjeta de Credito Visa;3.339.420,00
596);30598;Manual;06/04/2026;Tarjeta de Credito Visa;2.219.580,03
597);30168;Pagos;07/04/2026;s/ O.Pago Nş6178 - LUCAS LEONARDO EIROS;5.000.000,00
598);30292;Compras;07/04/2026;s/F C  Nş -00000209 - RODRIGUEZ PILAR;1.961.410,00
599);30316;Pagos;07/04/2026;s/ O.Pago Nş6180 - MORABITO FEDERICO JAVIER;238.200,00
600);30248;Cobros;08/04/2026;s/ Rec. Nş200010044 - OSPERYHRA;3.134.843,42
601);30381;Manual;08/04/2026;Pago cuota Nro 14;790.045,11
602);30387;Compras;08/04/2026;s/OC  Nş -0000133181011214 - BANCO BBVA ARGENTINA;2.072.982,97
603);30388;Manual;08/04/2026;Transfrencias entre cuentas - Santander a Frances;2.950.000,00
604);30474;Manual;08/04/2026;Pago de Haberes Marzo Saldo;9.368.740,00
605);30515;Pagos;08/04/2026;s/ O.Pago Nş6257 - YOMHA DANTE;11.600.000,00
606);30516;Pagos;08/04/2026;s/ O.Pago Nş6219 - BANCO BBVA ARGENTINA;2.072.982,97
607);30319;Pagos;09/04/2026;s/ O.Pago Nş6197 - TELEFONICA MOVILES ARGENT;194.518,32
608);30453;Manual;09/04/2026;Pago Prestamo Santander 39100866063 - Cuota 10;1.018.042,49
609);30457;Compras;09/04/2026;s/OC  Nş -0003910086606310 - BANCO SANTANDER RIO SA;141.880,46
610);30461;Pagos;09/04/2026;s/ O.Pago Nş6238 - BANCO SANTANDER RIO SA;141.880,46
611);30471;Manual;09/04/2026;Pago Obra Social-SCVO 2026-02;2.536.970,51
612);30472;Manual;09/04/2026;Pago Obra Social-SCVO 2026-01;2.553.855,62
613);30473;Manual;09/04/2026;Pago Autonomos Socio Gerente;132.778,36
614);30488;Pagos;09/04/2026;s/ O.Pago Nş6195 - LUCIANO ORSI;2.808.503,00
615);30491;Pagos;09/04/2026;s/ O.Pago Nş6196 - CESAR AUGUSTO ARCARO MALITO;4.740.400,54
616);30557;Manual;09/04/2026;Devengamiento PFP V933604;28.686.824,21
617);30249;Cobros;10/04/2026;s/ Rec. Nş200010046 - OSPILM;3.412.537,26
618);30354;Cobros;10/04/2026;s/ Rec. Nş200010045 - OSPERYH;50.151.360,51
619);30508;Manual;10/04/2026;Gastos de Prepaga Swiss 2026/04;62.694,25
620);30293;Compras;13/04/2026;s/F C  Nş -00000861 - MATTIOLI SAMANTA GABRIELA SOLANGE;210.000,00
621);30294;Compras;13/04/2026;s/F C  Nş -00000862 - MATTIOLI SAMANTA GABRIELA SOLANGE;210.000,00
622);30479;Manual;13/04/2026;Pago Tarjeta de Credito Visa;10.000.000,00
623);30252;Pagos;14/04/2026;s/ O.Pago Nş6198 - MARIA SOLEDAD PASCALE;2.500.000,00
624);30295;Compras;14/04/2026;s/F C  Nş -00000031 - ANDREACCHIO RODOLFO;900.000,00
625);30454;Manual;14/04/2026;Pago Prestamo Santander 39100828171 - Cuota 13;724.756,71
626);30458;Compras;14/04/2026;s/OC  Nş -0003910082817113 - BANCO SANTANDER RIO SA;362.256,33
627);30462;Pagos;14/04/2026;s/ O.Pago Nş6239 - BANCO SANTANDER RIO SA;362.256,33
628);30476;Manual;14/04/2026;Beneficios al personal;1.000.000,00
629);30486;Pagos;14/04/2026;s/ O.Pago Nş6199 - MATTIOLI SAMANTA GABRIELA SOLANGE;420.000,00
630);30512;Pagos;14/04/2026;s/ O.Pago Nş6255 - YOMHA FRANCO;5.800.000,00
631);30244;Ventas;15/04/2026;s/F B  Nş 00003-00001068 - OSPERYH;49.409.970,63
632);30374;Ventas;15/04/2026;s/F B  Nş 00003-00001069 - OSPERYHRA;6.490.472,42
633);30477;Manual;15/04/2026;Extraccion de efectivo;7.000.000,00
634);30250;Cobros;16/04/2026;s/ Rec. Nş200010047 - OSLERA;369.904,96
635);30296;Compras;16/04/2026;s/F A  Nş -00011544 - NUBI S.A.;45.375,00
636);30470;Manual;16/04/2026;Beneficio Soledad Pascale;119.242,36
637);30389;Manual;17/04/2026;Transferencias entre cuentas - Santander a Brubank;1.550.000,00
638);30577;Manual;17/04/2026;Pago Prestamo Brubank;1.580.000,00
639);30558;Manual;18/04/2026;Caducidad PFP V429998;83.671.551,59
640);30559;Manual;18/04/2026;Caducidad PFP V113915;17.223.372,54
641);30560;Manual;18/04/2026;Caducidad PFP V066516;14.698.839,36
642);30604;Manual;18/04/2026;Intereses Negativos a Devengar PFP Afip;18.170.332,05
643);30305;Cobros;20/04/2026;s/ Rec. Nş200010050 - OBRA SOCIAL DEL PERSONAL MUNICIPAL DE AVELL;6.455.350,00
644);30306;Cobros;20/04/2026;s/ Rec. Nş200010052 - OS PRENSA ROSARIO;2.223.436,89
645);30307;Cobros;20/04/2026;s/ Rec. Nş200010051 - APDIS;2.441.267,20
646);30314;Cobros;20/04/2026;s/ Rec. Nş200010048 - OSPERYHRA;1.308.108,28
647);30315;Cobros;20/04/2026;s/ Rec. Nş200010049 - OSPERYHRA;581.935,65
648);30337;Pagos;21/04/2026;s/ O.Pago Nş6204 - RODRIGUEZ PILAR;1.961.410,00
649);30338;Pagos;21/04/2026;s/ O.Pago Nş6205 - SANDJIAN & ASOCIADOS;3.835.700,00
650);30393;Manual;21/04/2026;Recupero Saldo a Favor IIBB;11.433.219,28
651);30483;Pagos;21/04/2026;s/ O.Pago Nş6203 - NUBI S.A.;92.375,01
652);30347;Cobros;22/04/2026;s/ Rec. Nş200010057 - MEDICAL SERVICIOS DE SALUD SRL;2.045.005,39
653);30332;Cobros;23/04/2026;s/ Rec. Nş200010054 - GEA S.A.;1.474.972,20
654);30339;Pagos;23/04/2026;s/ O.Pago Nş6206 - DAURAT MERCEDES MARIA;6.050.000,00
655);30340;Pagos;23/04/2026;s/ O.Pago Nş6207 - WNS & ASOCIADOS S.R.L.;2.256.287,00
656);30341;Pagos;23/04/2026;s/ O.Pago Nş6208 - MINDER S A;59.584,21
657);30342;Pagos;23/04/2026;s/ O.Pago Nş6209 - FABIOLA LANDIN;726.000,00
658);30344;Compras;23/04/2026;s/F A  Nş -00243553 - GALENO ARGENTINA SOCIEDAD ANONIMA;180.413,19
659);30365;Cobros;23/04/2026;s/ Rec. Nş200010053 - SUTERH;2.327.742,59
660);30467;Manual;23/04/2026;Recupero parcial Aporte Socio Gonzalo Eiros;2.000.000,00
661);30335;Cobros;24/04/2026;s/ Rec. Nş200010055 - FATERYH;11.056.777,30
662);30343;Pagos;24/04/2026;s/ O.Pago Nş6210 - MERCEDES FRATTINI;2.547.986,80
663);30345;Compras;24/04/2026;s/F C  Nş -00000221 - MAGNALDI DIEGO FERNANDO;552.000,00
664);30348;Pagos;24/04/2026;s/ O.Pago Nş6211 - MAGNALDI DIEGO FERNANDO;552.000,00
665);30349;Pagos;24/04/2026;s/ O.Pago Nş6212 - SANTA FE COMERCIAL SOCIEDAD DE RESPONSAB;567.064,83
666);30366;Compras;24/04/2026;s/F A  Nş -00092411 - SANTA FE COMERCIAL SOCIEDAD DE RESPONSAB;733.783,39
667);30367;Compras;24/04/2026;s/F A  Nş -00092415 - SANTA FE COMERCIAL SOCIEDAD DE RESPONSAB;567.064,83
668);30497;Compras;27/04/2026;s/F C  Nş -00000072 - LUCAS LEONARDO EIROS;6.000.000,00
669);30510;Pagos;27/04/2026;s/ O.Pago Nş6253 - YOMHA GALILEO;5.800.000,00
670);30355;Pagos;28/04/2026;s/ O.Pago Nş6213 - ANDREACCHIO RODOLFO;900.000,00
671);30356;Pagos;28/04/2026;s/ O.Pago Nş6214 - FABIOLA LANDIN;1.452.000,00
672);30358;Pagos;28/04/2026;s/ O.Pago Nş6215 - GOLAWARE S.R.L.;734.349,00
673);30363;Cobros;28/04/2026;s/ Rec. Nş200010058 - ASSISTENCIAL SALUD S.A.;3.857.074,61
674);30364;Cobros;28/04/2026;s/ Rec. Nş200010059 - OSPERYHRA;6.490.472,42
675);30368;Compras;28/04/2026;s/F A  Nş -00001676 - SACCOL EMILIANO;228.085,00
676);30369;Compras;28/04/2026;s/F A  Nş -00000006 - WNS & ASOCIADOS S.R.L.;2.389.145,00
677);30370;Compras;28/04/2026;s/F A  Nş -00227019 - TELEFONICA MOVILES ARGENT;199.656,15
678);30391;Manual;28/04/2026;Transferencias entre cuentas - Frances a Galicia;21.650.000,00
679);30405;Manual;28/04/2026;Extraccion de efectivo;3.000.000,00
680);30455;Manual;28/04/2026;Pago Prestamo Santander 39100730317 - Cuota 23;2.337.471,23
681);30459;Compras;28/04/2026;s/OC  Nş -0003910073031723 - BANCO SANTANDER RIO SA;171.695,62
682);30463;Pagos;28/04/2026;s/ O.Pago Nş6240 - BANCO SANTANDER RIO SA;171.695,62
683);30468;Manual;28/04/2026;Pago ART Dic2025 y Mar2026;2.058.733,37
684);30469;Manual;28/04/2026;Pago Obra Social-SCVO 2026-03;1.644.339,71
685);30498;Compras;28/04/2026;s/F A  Nş -00006295 - CONTATECH;39.930,00
686);30371;Compras;29/04/2026;s/F C  Nş -00000140 - MERCEDES FRATTINI;1.500.000,00
687);30372;Compras;29/04/2026;s/F C  Nş -00000141 - MERCEDES FRATTINI;1.047.986,80
688);30373;Compras;29/04/2026;s/NC A  Nş -00001335 - SANTA FE COMERCIAL SOCIEDAD DE RESPONSAB;733.783,39
689);30390;Manual;30/04/2026;Transferencias entre cuentas - Galciia a Santander;12.415.000,00
690);30400;Manual;30/04/2026;Gastos Bancarios Banco Frances;433.315,13
691);30404;Pagos;30/04/2026;s/ O.Pago Nş6223 - BANCO BBVA ARGENTINA;79.059,00
692);30409;Manual;30/04/2026;Gastos Bancarios Banco Galicia;480,29
693);30413;Compras;30/04/2026;s/OC  Nş -00202604 - BANCO BBVA ARGENTINA;79.059,00
694);30414;Compras;30/04/2026;s/OC  Nş -00202604 - BANCO GALICIA;76.877,35
695);30418;Pagos;30/04/2026;s/ O.Pago Nş6227 - BANCO GALICIA;76.877,35
696);30420;Manual;30/04/2026;Gastos y Comisiones Bancarias-Banco Ciudad;68.446,17
697);30442;Manual;30/04/2026;Gastos Bancarios - Banco Macro;439,23
698);30445;Compras;30/04/2026;s/OC  Nş -00202604 - BANCO MACRO CTA CTE;72.782,37
699);30448;Pagos;30/04/2026;s/ O.Pago Nş6236 - BANCO MACRO CTA CTE;72.782,37
700);30464;Compras;30/04/2026;s/OC  Nş -00202604 - BANCO SANTANDER RIO SA;1.019.780,36
701);30465;Manual;30/04/2026;Gastos Bancarios Santander;1.537.067,02
702);30475;Manual;30/04/2026;Pago de Haberes 50% Abril;9.234.245,50
703);30480;Pagos;30/04/2026;s/ O.Pago Nş6241 - BANCO SANTANDER RIO SA;1.019.780,36
704);30499;Compras;30/04/2026;s/F A  Nş -00051203 - SANTA FE COMERCIAL SOCIEDAD DE RESPONSAB;128.637,52
705);30500;Compras;30/04/2026;s/F C  Nş -00000096 - YOMHA DANTE;5.800.000,00
706);30501;Compras;30/04/2026;s/F C  Nş -00000175 - YOMHA GALILEO;3.300.000,00
707);30502;Compras;30/04/2026;s/F C  Nş -00000093 - YOMHA FRANCO;5.800.000,00
708);30504;Pagos;30/04/2026;s/ O.Pago Nş6249 - LUCAS LEONARDO EIROS;6.000.000,00
709);30505;Pagos;30/04/2026;s/ O.Pago Nş6248 - SANTA FE COMERCIAL SOCIEDAD DE RESPONSAB;128.637,52
710);30506;Pagos;30/04/2026;s/ O.Pago Nş6250 - CONTATECH;39.930,00
711);30518;Compras;30/04/2026;s/F A  Nş -00006557 - GOLAWARE S.R.L.;734.349,00
712);30519;Compras;30/04/2026;s/NC C  Nş -00000002 - YOMHA GALILEO;3.300.000,00
713);30533;Compras;30/04/2026;s/NC C  Nş -00000001 - YOMHA DANTE;5.800.000,00
714);30534;Compras;30/04/2026;s/NC C  Nş -00000001 - YOMHA FRANCO;5.800.000,00
715);30536;Manual;30/04/2026;Devengamiento Sueldos Abril 2026;28.801.114,36
716);30537;Ventas;30/04/2026;s/F A  Nş 00003-00000520 - APDIS;2.441.267,20
717);30538;Ventas;30/04/2026;s/F A  Nş 00003-00000521 - OSLERA;369.904,96
718);30593;Pagos;30/04/2026;s/ O.Pago Nş6261 - GALENO ARGENTINA SOCIEDAD ANONIMA;431.484,29
719);30605;Pagos;30/04/2026;s/ O.Pago Nş6263 - GOLAWARE S.R.L.;2,15
720);30520;Compras;01/05/2026;s/F A  Nş -00004609 - ARQUETIPONET S.R.L.;269.297,60
721);30521;Compras;01/05/2026;s/F C  Nş -00001288 - LUCIANO ORSI;584.975,00
722);30522;Compras;01/05/2026;s/F C  Nş -00001289 - LUCIANO ORSI;693.678,00
723);30523;Compras;01/05/2026;s/F C  Nş -00001290 - LUCIANO ORSI;1.068.226,00
724);30524;Compras;01/05/2026;s/F C  Nş -00001291 - LUCIANO ORSI;925.025,00
725);30609;Compras;01/05/2026;s/F A  Nş -00000503 - DAURAT MERCEDES MARIA;6.050.000,00
726);30525;Compras;02/05/2026;s/F A  Nş -00001678 - SACCOL EMILIANO;603.548,00
727);30526;Compras;03/05/2026;s/F A  Nş -00002471 - CESAR AUGUSTO ARCARO MALITO;484.000,00
728);30527;Compras;03/05/2026;s/F A  Nş -00002472 - CESAR AUGUSTO ARCARO MALITO;1.349.722,24
729);30528;Compras;03/05/2026;s/F A  Nş -00002473 - CESAR AUGUSTO ARCARO MALITO;707.817,69
730);30529;Compras;03/05/2026;s/F A  Nş -00002474 - CESAR AUGUSTO ARCARO MALITO;2.811.258,88
731);30530;Compras;04/05/2026;s/F A  Nş -00003752 - FUNDACION CONSENSO;261.987,99
732);30531;Compras;04/05/2026;s/F A  Nş -00030317 - MINDER S A;61.610,07
733);30532;Compras;04/05/2026;s/F C  Nş -00000044 - MARIA SOLEDAD PASCALE;2.500.000,00
734);30588;Manual;04/05/2026;Movimientos Banco Santander;9.959.038,74
735);30589;Manual;04/05/2026;Movimientos Banco Ciudad;1.524,45
736);30590;Manual;04/05/2026;Movimientos Banco Macro;616,43
737);30591;Manual;04/05/2026;Movimientos Banco Galicia;76.053,60
738);30592;Manual;04/05/2026;movimientos Banco Frances;75.489,50
739);30599;Manual;04/05/2026;Tarjeta de Credito Visa;1.215.259,78
740);30539;Ventas;05/05/2026;s/F A  Nş 00003-00000522 - GEA S.A.;1.474.972,20
741);30541;Ventas;05/05/2026;s/F A  Nş 00003-00000524 - CAMPSIC;29.040,00
742);30542;Ventas;05/05/2026;s/F A  Nş 00003-00000525 - MEDICAL SERVICIOS DE SALUD SRL;212.587,32
743);30543;Ventas;05/05/2026;s/F B  Nş 00003-00001070 - OS PRENSA ROSARIO;1.050.321,77
744);30544;Ventas;05/05/2026;s/F B  Nş 00003-00001071 - OS PRENSA ROSARIO;1.173.115,12
745);30545;Ventas;05/05/2026;s/F B  Nş 00003-00001072 - O.S. DEL PER. DEL JOCKEY CLUB DE ROSAR;2.677.900,89
746);30546;Ventas;05/05/2026;s/F B  Nş 00003-00001073 - O.S. DEL PER. DEL JOCKEY CLUB DE ROSAR;941.467,69
747);30547;Ventas;05/05/2026;s/F B  Nş 00003-00001074 - OSPERYH;2.764.194,33
748);30548;Ventas;05/05/2026;s/F B  Nş 00003-00001075 - OSPERYHRA;581.935,65
749);30549;Ventas;05/05/2026;s/F B  Nş 00003-00001076 - FATERYH;11.056.777,30
750);30550;Ventas;05/05/2026;s/F B  Nş 00003-00001077 - SUTERH;2.327.742,59
751);30551;Ventas;05/05/2026;s/F B  Nş 00003-00001078 - OBRA SOCIAL DEL PERSONAL MUNICIPAL DE;465.850,00
752);30553;Ventas;05/05/2026;s/F B  Nş 00003-00001080 - O.S. DEL PER. DEL JOCKEY CLUB DE ROSAR;144.600,44
753);30554;Ventas;05/05/2026;s/F B  Nş 00003-00001081 - OSBARA;41.109,75
754);30555;Ventas;05/05/2026;s/F B  Nş 00003-00001082 - OSPERYH;8.069.628,63
755);30556;Ventas;05/05/2026;s/F B  Nş 00003-00001083 - OSPERYHRA;8.929.994,83
756);30564;Ventas;05/05/2026;s/F A  Nş 00003-00000526 - MEDICAL SERVICIOS DE SALUD SRL;3.303.935,41
757);30565;Ventas;05/05/2026;s/F A  Nş 00003-00000527 - ASSISTENCIAL SALUD S.A.;3.144.202,85
758);30566;Ventas;05/05/2026;s/F A  Nş 00003-00000528 - APDIS;2.857.440,24
759);30567;Ventas;05/05/2026;s/F A  Nş 00003-00000529 - OSLERA;384.162,86
760);30568;Ventas;05/05/2026;s/F B  Nş 00003-00001084 - OSPILM;6.963.815,84
761);30570;Ventas;05/05/2026;s/F A  Nş 00003-00000523 - APDIS;460.259,80
762);30610;Compras;05/05/2026;s/F A  Nş -00000459 - SANDJIAN & ASOCIADOS;931.700,00
763);30611;Compras;05/05/2026;s/F A  Nş -00000460 - SANDJIAN & ASOCIADOS;2.904.000,00
764);30612;Compras;05/05/2026;s/F C  Nş -00000755 - ROSETTI OMAR JORGE OCTAVIO;15.000,00
765);30635;Ventas;05/05/2026;s/F B  Nş 00003-00001085 - OSPERYH;61.323.391,54
766);30636;Ventas;05/05/2026;s/F B  Nş 00003-00001079 - OBRA SOCIAL DEL PERSONAL MUNICIPAL DE;5.989.500,00
767);30647;Compras;05/05/2026;s/F A  Nş -00000461 - SANDJIAN & ASOCIADOS;1.351.600,00
768);30601;Cobros;06/05/2026;s/ Rec. Nş200010060 - MEDICAL SERVICIOS DE SALUD SRL;2.731.309,38
769);30613;Compras;06/05/2026;s/F A  Nş -00044953 - DINAMICA COMERCIAL  SRL;21.000,00
770);30614;Compras;06/05/2026;s/F C  Nş -00000212 - RODRIGUEZ PILAR;1.961.410,00
771);30602;Cobros;07/05/2026;s/ Rec. Nş200010061 - OSBARA;41.109,75
772);30615;Compras;07/05/2026;s/F C  Nş -00000090 - KOUTOUDJIAN NATALIA INES;4.000.000,00
773);30616;Compras;07/05/2026;s/F C  Nş -00000169 - MANTESE JUAN JOSE;2.500.000,00
774);30625;Cobros;07/05/2026;s/ Rec. Nş200010066 - OSPERYH;2.633.112,81
775);30630;Manual;07/05/2026;Pago de Haberes 50% Abril - Saldo;9.354.993,50
776);30606;Cobros;08/05/2026;s/ Rec. Nş200010062 - OSPERYH;11.045.851,57
777);30607;Cobros;08/05/2026;s/ Rec. Nş200010063 - OSPERYH;2.764.194,33
778);30621;Pagos;08/05/2026;s/ O.Pago Nş6264 - MANTESE JUAN JOSE;2.500.000,00
779);30622;Pagos;08/05/2026;s/ O.Pago Nş6265 - KOUTOUDJIAN NATALIA INES;4.000.000,00
780);30626;Cobros;08/05/2026;s/ Rec. Nş200010067 - OSPERYH;2.764.194,33
781);30637;Ventas;08/05/2026;s/NC A  Nş 00003-00000033 - APDIS;2.857.440,24
782);30638;Ventas;08/05/2026;s/NC A  Nş 00003-00000034 - OSLERA;384.162,86
783);30639;Ventas;08/05/2026;s/NC B  Nş 00003-00000054 - OSPERYH;61.323.391,54
784);30648;Compras;08/05/2026;s/F C  Nş -00000062 - CAU ANALIA CLAUDIA;1.650.000,00
785);30657;Pagos;08/05/2026;s/ O.Pago Nş6266 - LUCAS LEONARDO EIROS;3.000.000,00
786);30633;Manual;09/05/2026;Deposito en Efectivo;100,00
787);30617;Compras;11/05/2026;s/F A  Nş -00000021 - FABIOLA LANDIN;726.000,00
788);30618;Compras;11/05/2026;s/F A  Nş -00004624 - ARQUETIPONET S.R.L.;156.293,72
789);30619;Compras;11/05/2026;s/F C  Nş -00000147 - MORABITO FEDERICO JAVIER;238.200,00
790);30620;Compras;11/05/2026;s/F C  Nş -00000148 - MORABITO FEDERICO JAVIER;53.800,00
791);30623;Cobros;11/05/2026;s/ Rec. Nş200010064 - OS PRENSA ROSARIO;2.223.436,89
792);30631;Manual;11/05/2026;Gastos de Prepaga;232.389,00
793);30655;Pagos;11/05/2026;s/ O.Pago Nş6267 - TELEFONICA MOVILES ARGENT;199.656,15
794);30656;Pagos;11/05/2026;s/ O.Pago Nş6268 - ROSETTI OMAR JORGE OCTAVIO;15.000,00
795);30658;Pagos;11/05/2026;s/ O.Pago Nş6269 - CAU ANALIA CLAUDIA;1.650.000,00
796);30624;Cobros;12/05/2026;s/ Rec. Nş200010065 - CAMPSIC;29.040,00
797);30628;Manual;12/05/2026;Cierre de Cuenta Galicia-Decision Comercial Galicia;6.164.840,32
798);30632;Manual;12/05/2026;Gastos Bancarios Santander;114.884,13
799);30649;Compras;12/05/2026;s/F A  Nş -00051342 - SANTA FE COMERCIAL SOCIEDAD DE RESPONSAB;15.913,92
800);30650;Compras;12/05/2026;s/F C  Nş -00000073 - LUCAS LEONARDO EIROS;6.000.000,00
801);30634;Manual;13/05/2026;Comisiones Bancarias Frances;209.009,65
802);30651;Compras;13/05/2026;s/F C  Nş -00000032 - ANDREACCHIO RODOLFO;900.000,00
803);30627;Cobros;14/05/2026;s/ Rec. Nş200010068 - OSPERYHRA;581.935,65
804);30571;Ventas;15/05/2026;s/F B  Nş 00003-00001086 - OSPERYHRA;9.340.151,12
805);30640;Ventas;15/05/2026;s/F A  Nş 00003-00000530 - APDIS;2.857.440,24
806);30641;Ventas;15/05/2026;s/F A  Nş 00003-00000531 - OSLERA;384.162,86
807);30642;Ventas;15/05/2026;s/F B  Nş 00003-00001087 - OSPERYH;61.323.391,54
808);30643;Cobros;18/05/2026;s/ Rec. Nş200010069 - O.S. DEL PER. DEL JOCKEY CLUB DE ROSARIO;3.763.969,02
809);30644;Cobros;19/05/2026;s/ Rec. Nş200010070 - MEDICAL SERVICIOS DE SALUD SRL;1.548.882,80
810);30645;Cobros;20/05/2026;s/ Rec. Nş200010071 - OSLERA;384.162,86
811);30646;Cobros;21/05/2026;s/ Rec. Nş200010072 - OSPILM;6.963.815,84
812);30652;Compras;26/05/2026;s/F A  Nş -00245325 - GALENO ARGENTINA SOCIEDAD ANONIMA;192.616,60
813);30653;Cobros;27/05/2026;s/ Rec. Nş200010074 - FATERYH;11.056.777,30
814);30654;Cobros;27/05/2026;s/ Rec. Nş200010075 - OSPERYHRA;8.929.994,83
815);30689;Cobros;27/05/2026;s/ Rec. Nş200010073 - GEA S.A.;1.474.972,20
816);30659;Cobros;29/05/2026;s/ Rec. Nş200010076 - APDIS;3.317.700,04
817);30660;Ventas;01/06/2026;s/F A  Nş 00003-00000532 - GEA S.A.;1.610.079,65
818);30661;Ventas;01/06/2026;s/F A  Nş 00003-00000533 - APDIS;89.491,60
819);30662;Ventas;01/06/2026;s/F A  Nş 00003-00000534 - CAMPSIC;34.848,00
820);30663;Ventas;01/06/2026;s/F A  Nş 00003-00000535 - OMINT S.A.;900.240,00
821);30664;Ventas;01/06/2026;s/F A  Nş 00003-00000536 - MEDICAL SERVICIOS DE SALUD SRL;275.534,44
822);30665;Ventas;01/06/2026;s/F A  Nş 00003-00000537 - MEDICAL SERVICIOS DE SALUD SRL;4.404.610,10
823);30666;Ventas;01/06/2026;s/F A  Nş 00003-00000538 - ASSISTENCIAL SALUD S.A.;4.791.244,09
824);30667;Ventas;01/06/2026;s/F B  Nş 00003-00001088 - OS PRENSA ROSARIO;1.155.353,94
825);30668;Ventas;01/06/2026;s/F B  Nş 00003-00001089 - OS PRENSA ROSARIO;1.290.426,63
826);30669;Ventas;01/06/2026;s/F B  Nş 00003-00001090 - OSPERYH;2.924.794,02
827);30670;Ventas;01/06/2026;s/F B  Nş 00003-00001091 - OSPERYHRA;615.746,11
828);30671;Ventas;01/06/2026;s/F B  Nş 00003-00001092 - FATERYH;11.699.176,07
829);30672;Ventas;01/06/2026;s/F B  Nş 00003-00001093 - SUTERH;2.462.984,44
830);30673;Ventas;01/06/2026;s/F B  Nş 00003-00001094 - OBRA SOCIAL DEL PERSONAL MUNICIPAL DE;508.521,86
831);30674;Ventas;01/06/2026;s/F B  Nş 00003-00001095 - OBRA SOCIAL DEL PERSONAL MUNICIPAL DE;6.538.138,20
832);30675;Ventas;01/06/2026;s/F B  Nş 00003-00001096 - OSBARA;50.783,70
833);30676;Ventas;01/06/2026;s/F B  Nş 00003-00001097 - OSPERYH;31.807.088,50
834);30677;Ventas;01/06/2026;s/F B  Nş 00003-00001098 - OSPERYHRA;563.739,00
835);30678;Ventas;01/06/2026;s/F B  Nş 00003-00001099 - OSPILM;9.396.839,41
836);30679;Ventas;01/06/2026;s/NC B  Nş 00003-00000055 - OMINT S.A.;90.024,00
837);30680;Ventas;01/06/2026;s/F A  Nş 00003-00000539 - OMINT S.A.;90.024,00
838);30681;Ventas;01/06/2026;s/NC A  Nş 00003-00000035 - OMINT S.A.;900.240,00
839);30682;Ventas;01/06/2026;s/F B  Nş 00003-00001100 - O.S. DEL PER. DEL JOCKEY CLUB DE ROSAR;2.945.690,97
840);30683;Ventas;01/06/2026;s/F B  Nş 00003-00001101 - O.S. DEL PER. DEL JOCKEY CLUB DE ROSAR;1.035.614,46
841);30684;Ventas;01/06/2026;s/F B  Nş 00003-00001102 - O.S. DEL PER. DEL JOCKEY CLUB DE ROSAR;32.029,74
842);30685;Ventas;01/06/2026;s/F B  Nş 00003-00001103 - OMINT S.A.;90.024,00
843);30686;Ventas;01/06/2026;s/NC A  Nş 00003-00000036 - OMINT S.A.;90.024,00
844);30687;Ventas;01/06/2026;s/F A  Nş 00003-00000540 - OMINT S.A.;1.250.656,00
845);30688;Cobros;02/06/2026;s/ Rec. Nş200010077 - OSPERYH;49.409.970,63
Total;;;;;4.315.517.441,11
